id,group,label
"Abbas,James",IAFSE,"Abbas,James"
"Abbaszadegan,Morteza",IAFSE,"Abbaszadegan,Morteza"
"Abbott,David Ralph",CLAS,"Abbott,David Ralph"
"Abbott,Joshua K",GIOS,"Abbott,Joshua K"
"Abdelmonem,Angie",CLAS,"Abdelmonem,Angie"
"Aberle,James T",IAFSE,"Aberle,James T"
"Abry,Tashia",CLAS,"Abry,Tashia"
"Adame,Bradley Joseph",CLAS,"Adame,Bradley Joseph"
"Adams,Gary B",CLAS,"Adams,Gary B"
"Adams,James Brewster",IAFSE,"Adams,James Brewster"
"Adams,Jeffrey M",CONHI,"Adams,Jeffrey M"
"Adams,Marc Anthony",CHS,"Adams,Marc Anthony"
"Adamson,Eric Thomas",CLAS,"Adamson,Eric Thomas"
"Adamson,Joni Lynn",CLAS,"Adamson,Joni Lynn"
"Adelman,Madelaine Beth",CLAS,"Adelman,Madelaine Beth"
"Adrian,Ronald John",IAFSE,"Adrian,Ronald John"
"Aggarwal,Rimjhim M",GIOS,"Aggarwal,Rimjhim M"
"Agusdinata,Buyung",GIOS,"Agusdinata,Buyung"
"Ahn,Gail-Joon",IAFSE,"Ahn,Gail-Joon"
"Ainsworth,Barbara Ellen",CHS,"Ainsworth,Barbara Ellen"
"Aktipis,C Athena",CLAS,"Aktipis,C Athena"
"Alarcon,Ricardo O",CLAS,"Alarcon,Ricardo O"
"Alford,Eddie Jim",CISA,"Alford,Eddie Jim"
"Alford,Terry Lynn",IAFSE,"Alford,Terry Lynn"
"Allee,David Ray",IAFSE,"Allee,David Ray"
"Allen,Daniel",CISA,"Allen,Daniel"
"Allen,James Paul",CLAS,"Allen,James Paul"
"Alum,Absar",IAFSE,"Alum,Absar"
"Amazeen,Eric",CLAS,"Amazeen,Eric"
"Amdam,Gro Vang",CLAS,"Amdam,Gro Vang"
"Ames,Victoria E",LAW,"Ames,Victoria E"
"Amparano,Julie A",ARTS,"Amparano,Julie A"
"Amresh,Ashish",IAFSE,"Amresh,Ashish"
"Anbar,Ariel David",CLAS,"Anbar,Ariel David"
"Andereck,Kathleen L",PUBSRV,"Andereck,Kathleen L"
"Anderies,John M",CLAS,"Anderies,John M"
"Anderson-Rowland,Mary Ruth",IAFSE,"Anderson-Rowland,Mary Ruth"
"Anderson,James R",IAFSE,"Anderson,James R"
"Anderson,Karen S",CLAS,"Anderson,Karen S"
"Andino,Jean M",IAFSE,"Andino,Jean M"
"Androff Jr,David Kime",PUBSRV,"Androff Jr,David Kime"
"Angadi,Siddhartha Subhashchand",CHS,"Angadi,Siddhartha Subhashchand"
"Angell,Charles Austen",CLAS,"Angell,Charles Austen"
"Angilletta,Michael",CLAS,"Angilletta,Michael"
"Ankeny,Casey J",IAFSE,"Ankeny,Casey J"
"Anokye,Akua D",ARTS,"Anokye,Akua D"
"Anselin,Luc E",CLAS,"Anselin,Luc E"
"Anthony,Elizabeth",PUBSRV,"Anthony,Elizabeth"
"Archambault,Leanna",MLFTC,"Archambault,Leanna"
"Ariaratnam,Samuel T",IAFSE,"Ariaratnam,Samuel T"
"Arrowsmith,Ramon",CLAS,"Arrowsmith,Ramon"
"Artemiadis,Panagiotis K.",IAFSE,"Artemiadis,Panagiotis K."
"Artiles,Alfredo",MLFTC,"Artiles,Alfredo"
"Ashcraft,Robert F",PUBSRV,"Ashcraft,Robert F"
"Ashford,Jose Barry",PUBSRV,"Ashford,Jose Barry"
"Askin,Ronald Gene",IAFSE,"Askin,Ronald Gene"
"Asphaug,Erik",CLAS,"Asphaug,Erik"
"Atkinson,Robert Kenneth",IAFSE,"Atkinson,Robert Kenneth"
"Aukes,Daniel Mcconnell",IAFSE,"Aukes,Daniel Mcconnell"
"Aviles-Santiago,Manuel Gerardo",CISA,"Aviles-Santiago,Manuel Gerardo"
"Axel,Joseph B",EVPP,"Axel,Joseph B"
"Ayer,Steven",IAFSE,"Ayer,Steven"
"Ayon,Cecilia",PUBSRV,"Ayon,Cecilia"
"Ayyanar,Raja",IAFSE,"Ayyanar,Raja"
"Azuma,Tamiko",CHS,"Azuma,Tamiko"
"Baker,Dale Rose",MLFTC,"Baker,Dale Rose"
"Bakkaloglu,Bertan",IAFSE,"Bakkaloglu,Bertan"
"Balanis,Constantine A",IAFSE,"Balanis,Constantine A"
"Balasooriya,Janaka Lalit",IAFSE,"Balasooriya,Janaka Lalit"
"Baldwin,Marjorie L",WPC,"Baldwin,Marjorie L"
"Ball,Deborah",MLFTC,"Ball,Deborah"
"Ball,Rebecca",ARTS,"Ball,Rebecca"
"Baluch,Debra Page",CLAS,"Baluch,Debra Page"
"Banerjee,Ayan",IAFSE,"Banerjee,Ayan"
"Bansal,Srividya Kona",IAFSE,"Bansal,Srividya Kona"
"Barab,Sasha A.",MLFTC,"Barab,Sasha A."
"Baral,Chitta Ranjan",IAFSE,"Baral,Chitta Ranjan"
"Barber,Jonathan",OBF,"Barber,Jonathan"
"Barnaby,Hugh James",IAFSE,"Barnaby,Hugh James"
"Barnard,Wendy Miedel",ISTL,"Barnard,Wendy Miedel"
"Barrera,Manuel",CLAS,"Barrera,Manuel"
"Barrila,Jennifer A",BDI,"Barrila,Jennifer A"
"Barton,C Michael",CLAS,"Barton,C Michael"
"Basham,Melody Ann",CLAS,"Basham,Melody Ann"
"Batalden,Stephen K",CLAS,"Batalden,Stephen K"
"Bateman,Heather Lyn",CISA,"Bateman,Heather Lyn"
"Bates,Denise Eileen",CISA,"Bates,Denise Eileen"
"Batova,Tatiana",CISA,"Batova,Tatiana"
"Baxter,Aryn R",MLFTC,"Baxter,Aryn R"
"Bazzi,Rida A",IAFSE,"Bazzi,Rida A"
"Beal,Sarah Elaine",MLFTC,"Beal,Sarah Elaine"
"Bean,Heather",CLAS,"Bean,Heather"
"Beardsley,Adam Peter",CLAS,"Beardsley,Adam Peter"
"Beardsley,Audrey Lee",MLFTC,"Beardsley,Audrey Lee"
"Bearup,Wylie K",IAFSE,"Bearup,Wylie K"
"Bebout,Lee",CLAS,"Bebout,Lee"
"Beckman,Laura Owen",PUBSRV,"Beckman,Laura Owen"
"Beckstein,Oliver",CLAS,"Beckstein,Oliver"
"Begay,Victor Harvinn",MLFTC,"Begay,Victor Harvinn"
"Bekki,Jennifer Mcneill",IAFSE,"Bekki,Jennifer Mcneill"
"Bell III,James",CLAS,"Bell III,James"
"Belyea,Michael John",CONHI,"Belyea,Michael John"
"Ben Amor,Hani",IAFSE,"Ben Amor,Hani"
"Benkert,Volker",CLAS,"Benkert,Volker"
"Bennett,Gaymon L",CLAS,"Bennett,Gaymon L"
"Bennett,Ira Mccoy",SFIS,"Bennett,Ira Mccoy"
"Bennett,Michael George",SFIS,"Bennett,Michael George"
"Berisha,Visar Shahin",IAFSE,"Berisha,Visar Shahin"
"Berkel,Cady",CLAS,"Berkel,Cady"
"Berman,Spring Melody",IAFSE,"Berman,Spring Melody"
"Bernard,Harvey Russell",CLAS,"Bernard,Harvey Russell"
"Bernstein,Bianca L",CISA,"Bernstein,Bianca L"
"Bernstein,Katherine Arielle",MLFTC,"Bernstein,Katherine Arielle"
"Bertoni,Mariana Ines",IAFSE,"Bertoni,Mariana Ines"
"Bienenstock,Elisa Jayne",PUBSRV,"Bienenstock,Elisa Jayne"
"Bimonte-Nelson,Heather",CLAS,"Bimonte-Nelson,Heather"
"Bjork,Robert Eric",CLAS,"Bjork,Robert Eric"
"Blain Christen,Jennifer Mary",IAFSE,"Blain Christen,Jennifer Mary"
"Blais,Christopher Raymond",CLAS,"Blais,Christopher Raymond"
"Blakemore,Arthur E",EVPP,"Blakemore,Arthur E"
"Blankson,Gerald Kotey",EVPP,"Blankson,Gerald Kotey"
"Blasingame,James Bryan",CLAS,"Blasingame,James Bryan"
"Blattman,Joseph Nathan",CLAS,"Blattman,Joseph Nathan"
"Bliss,Daniel Wesley",IAFSE,"Bliss,Daniel Wesley"
"Boddy,Amy Marie",CLAS,"Boddy,Amy Marie"
"Boerner,Rochus",CLAS,"Boerner,Rochus"
"Boggess,Albert",CLAS,"Boggess,Albert"
"Boggess,May",CLAS,"Boggess,May"
"Bolin,Robert",CLAS,"Bolin,Robert"
"Boltz,Andrea Maria",GIOS,"Boltz,Andrea Maria"
"Bond,Angela Bowen",CONHI,"Bond,Angela Bowen"
"Boney,Jennifer Brooke",CLAS,"Boney,Jennifer Brooke"
"Bonifas,Robin P",PUBSRV,"Bonifas,Robin P"
"Boone,Christopher G",CLAS,"Boone,Christopher G"
"Boradkar,Prasad",HIDA,"Boradkar,Prasad"
"Borden,Steven A.",EVPP,"Borden,Steven A."
"Borges,Chad Randolph",CLAS,"Borges,Chad Randolph"
"Borror,Connie Margaret",ARTS,"Borror,Connie Margaret"
"Bose,Maitrayee",CLAS,"Bose,Maitrayee"
"Bowden,Stuart Graham",IAFSE,"Bowden,Stuart Graham"
"Bowen,Annabell L",EXEC_ADMIN,"Bowen,Annabell L"
"Bowley,Kenneth S",CLAS,"Bowley,Kenneth S"
"Bowman,Catherine",CLAS,"Bowman,Catherine"
"Bowman,Diana Megan",SFIS,"Bowman,Diana Megan"
"Bowman,Judd David",CLAS,"Bowman,Judd David"
"Boyd,Aaron Kyle",CLAS,"Boyd,Aaron Kyle"
"Boyd,Robert",CLAS,"Boyd,Robert"
"Boyer,Treavor H.",IAFSE,"Boyer,Treavor H."
"Bozeman,Barry",PUBSRV,"Bozeman,Barry"
"Bradley,Robert",CLAS,"Bradley,Robert"
"Brafman,David Adam",IAFSE,"Brafman,David Adam"
"Branaghan,Russell Joseph",IAFSE,"Branaghan,Russell Joseph"
"Branca,Caterina",CLAS,"Branca,Caterina"
"Branch,Boyd Mathoni",HIDA,"Branch,Boyd Mathoni"
"Brandt,William R",GIOS,"Brandt,William R"
"Brashears,William Scott",ARTS,"Brashears,William Scott"
"Brayboy,Bryan",CLAS,"Brayboy,Bryan"
"Breetz,Hanna Lori",GIOS,"Breetz,Hanna Lori"
"Bremner,Andrew",CLAS,"Bremner,Andrew"
"Bretschneider,Stuart Ira",PUBSRV,"Bretschneider,Stuart Ira"
"Brett,Joan F",WPC,"Brett,Joan F"
"Brewer Jr,Gene",CLAS,"Brewer Jr,Gene"
"Brian,Jennifer Elizabeth Dyck",BARRETT,"Brian,Jennifer Elizabeth Dyck"
"Briggs Jr,Ronald",EOSS,"Briggs Jr,Ronald"
"Brin,Adam Miles",CLAS,"Brin,Adam Miles"
"Brinkman,Daniel",CLAS,"Brinkman,Daniel"
"Broatch,Jennifer Ellen",ARTS,"Broatch,Jennifer Ellen"
"Broglio,Ronald",CLAS,"Broglio,Ronald"
"Brokaw,David Paul",CLAS,"Brokaw,David Paul"
"Brotman,Sarah Marie",CLAS,"Brotman,Sarah Marie"
"Brown,Albert Frederick",IAFSE,"Brown,Albert Frederick"
"Brown,Claudia G",HIDA,"Brown,Claudia G"
"Brown,Mary Ellen",PUBSRV,"Brown,Mary Ellen"
"Brownell,Sara",CLAS,"Brownell,Sara"
"Bruening,Meredith Margaret",CHS,"Bruening,Meredith Margaret"
"Brundiers,Katja",GIOS,"Brundiers,Katja"
"Bruner,Jason",CLAS,"Bruner,Jason"
"Brunhaver II,John Steven",IAFSE,"Brunhaver II,John Steven"
"Brunhaver,Samantha Ruth",IAFSE,"Brunhaver,Samantha Ruth"
"Brus,Evan James",CLAS,"Brus,Evan James"
"Buch,Rajesh",GIOS,"Buch,Rajesh"
"Budruk,Megha S",PUBSRV,"Budruk,Megha S"
"Buetow,Kenneth H",CLAS,"Buetow,Kenneth H"
"Buikstra,Jane Ellen",CLAS,"Buikstra,Jane Ellen"
"Buman,Matthew P",CHS,"Buman,Matthew P"
"Buneo,Christopher Alan",IAFSE,"Buneo,Christopher Alan"
"Burton,Matthew M.",CHS,"Burton,Matthew M."
"Buseck,P R",CLAS,"Buseck,P R"
"Butler,Nathaniel Richard",CLAS,"Butler,Nathaniel Richard"
"Buttry,Daniel A.",CLAS,"Buttry,Daniel A."
"Buzinde,Christine",PUBSRV,"Buzinde,Christine"
"Byck,Peter",WCJMC,"Byck,Peter"
"Caccamo,Antonella",BDI,"Caccamo,Antonella"
"Cacciatore,Joanne",PUBSRV,"Cacciatore,Joanne"
"Cadenas,German Andres",OKED,"Cadenas,German Andres"
"Cadillo-Quiroz,Hinsby",CLAS,"Cadillo-Quiroz,Hinsby"
"Cady,Linell E",CLAS,"Cady,Linell E"
"Cahill,Thomas Michael",ARTS,"Cahill,Thomas Michael"
"Calhoun,Ronald Joseph",IAFSE,"Calhoun,Ronald Joseph"
"Callahan,Christopher",WCJMC,"Callahan,Christopher"
"Camacho,Erika T",ARTS,"Camacho,Erika T"
"Candan,Kasim Selcuk",IAFSE,"Candan,Kasim Selcuk"
"Cantwell,Elizabeth Raye",OKED,"Cantwell,Elizabeth Raye"
"Cao,Yu",IAFSE,"Cao,Yu"
"Capco,David George",CLAS,"Capco,David George"
"Caplan,Michael Ryckman",IAFSE,"Caplan,Michael Ryckman"
"Carberry,Adam Robert",IAFSE,"Carberry,Adam Robert"
"Carney,Michelle Mohr",PUBSRV,"Carney,Michelle Mohr"
"Carpenter,Ray W",CLAS,"Carpenter,Ray W"
"Cartwright,Julia Ann",CLAS,"Cartwright,Julia Ann"
"Cartwright,Reed Austin",CLAS,"Cartwright,Reed Austin"
"Casas Arce,Pablo",WPC,"Casas Arce,Pablo"
"Castillo-Chavez,Carlos",CLAS,"Castillo-Chavez,Carlos"
"Castro,Felipe G",CONHI,"Castro,Felipe G"
"Cavalier,Darlene Faith",SFIS,"Cavalier,Darlene Faith"
"Cease,Arianne",GIOS,"Cease,Arianne"
"Cerveny,Randall Scott",CLAS,"Cerveny,Randall Scott"
"Cesarotti,Evelyn L",CONHI,"Cesarotti,Evelyn L"
"Chae,Junseok",IAFSE,"Chae,Junseok"
"Chakrabarti,Chaitali",IAFSE,"Chakrabarti,Chaitali"
"Chakraborti,Tathagata",IAFSE,"Chakraborti,Tathagata"
"Chakraborty,Shayok",IAFSE,"Chakraborty,Shayok"
"Chamberlain,Alyssa Anne Whitby",PUBSRV,"Chamberlain,Alyssa Anne Whitby"
"Chamberlin,Ralph Vary",CLAS,"Chamberlin,Ralph Vary"
"Chan,Candace Kay",IAFSE,"Chan,Candace Kay"
"Chan,Neng Iong",CLAS,"Chan,Neng Iong"
"Chang,Lan-Yun",CLAS,"Chang,Lan-Yun"
"Chang,Yung",CLAS,"Chang,Yung"
"Chasey,Allan Dee",IAFSE,"Chasey,Allan Dee"
"Chassin,Laurie",CLAS,"Chassin,Laurie"
"Chattopadhyay,Aditi",IAFSE,"Chattopadhyay,Aditi"
"Chavez,Ivette D",UCOLLEGE,"Chavez,Ivette D"
"Chawla,Nikhilesh",IAFSE,"Chawla,Nikhilesh"
"Chen,Angela Chia-Chen",CONHI,"Chen,Angela Chia-Chen"
"Chen,Fang",BDI,"Chen,Fang"
"Chen,Huaiyu",CLAS,"Chen,Huaiyu"
"Chen,Julian J-L",CLAS,"Chen,Julian J-L"
"Chen,Kangping",IAFSE,"Chen,Kangping"
"Chen,Qiang",CLAS,"Chen,Qiang"
"Chen,Shengxi",BDI,"Chen,Shengxi"
"Chen,Tingyong",CLAS,"Chen,Tingyong"
"Chen,Ying-Chih",MLFTC,"Chen,Ying-Chih"
"Chen,Yinong",IAFSE,"Chen,Yinong"
"Cheng,Chingwen",HIDA,"Cheng,Chingwen"
"Chester,Mikhail",IAFSE,"Chester,Mikhail"
"Chhabra,Deepak",PUBSRV,"Chhabra,Deepak"
"Chhetri,Nalini",SFIS,"Chhetri,Nalini"
"Chhetri,Netra B",SFIS,"Chhetri,Netra B"
"Childers,Daniel L",GIOS,"Childers,Daniel L"
"Chizmeshya,Andrew V",CLAS,"Chizmeshya,Andrew V"
"Cho,Sookja",CLAS,"Cho,Sookja"
"Choi,Ji Mi S",OKED,"Choi,Ji Mi S"
"Chong,Oswald Wk",IAFSE,"Chong,Oswald Wk"
"Chowdhury,Srabanti",IAFSE,"Chowdhury,Srabanti"
"Christensen,Philip R",CLAS,"Christensen,Philip R"
"Cisneros,Ernest",CLAS,"Cisneros,Ernest"
"Clark,Heather Marie Griller",MLFTC,"Clark,Heather Marie Griller"
"Clark,Jerome",IAFSE,"Clark,Jerome"
"Clark,Lawrence T",IAFSE,"Clark,Lawrence T"
"Clark,Patricia J",ARTS,"Clark,Patricia J"
"Clark,Susan Spierre",IAFSE,"Clark,Susan Spierre"
"Clarke,Amanda Bachtell",CLAS,"Clarke,Amanda Bachtell"
"Clemens,Katherine Michelle",OKED,"Clemens,Katherine Michelle"
"Cloutier,Scott",GIOS,"Cloutier,Scott"
"Cochran,Douglas",IAFSE,"Cochran,Douglas"
"Cohen,Adam",CLAS,"Cohen,Adam"
"Colaneri,Nicholas Frederick",IAFSE,"Colaneri,Nicholas Frederick"
"Colbourn,Charles Joseph",IAFSE,"Colbourn,Charles Joseph"
"Coleman,Grisha",HIDA,"Coleman,Grisha"
"Coleman,Paul David",BDI,"Coleman,Paul David"
"Coletta,Dawn",CHS,"Coletta,Dawn"
"Collins,James",CLAS,"Collins,James"
"Collis,Adam W",HIDA,"Collis,Adam W"
"Collofello,James Samuel",IAFSE,"Collofello,James Samuel"
"Compton,Carolyn",CLAS,"Compton,Carolyn"
"Connor,Carol Mcdonald",CLAS,"Connor,Carol Mcdonald"
"Conrad,Cheryl Diane",CLAS,"Conrad,Cheryl Diane"
"Conroy-Ben,Otakuye",IAFSE,"Conroy-Ben,Otakuye"
"Cooke,Nancy Jaworski",IAFSE,"Cooke,Nancy Jaworski"
"Coon,David Wayne",CONHI,"Coon,David Wayne"
"Corbin,William Robert",CLAS,"Corbin,William Robert"
"Corey,Frederick Charles",EVPP,"Corey,Frederick Charles"
"Corley,Elizabeth",PUBSRV,"Corley,Elizabeth"
"Corman,Steven Robert",CLAS,"Corman,Steven Robert"
"Coseo,Paul Joseph",HIDA,"Coseo,Paul Joseph"
"Cotter,Katie Lyn",PUBSRV,"Cotter,Katie Lyn"
"Coursen,Jerry Lee",IAFSE,"Coursen,Jerry Lee"
"Cox,Deborah J.",CISA,"Cox,Deborah J."
"Craig,Scotty Dale",IAFSE,"Craig,Scotty Dale"
"Crespo,Noe Cuauhtemoc",CHS,"Crespo,Noe Cuauhtemoc"
"Critchlow,Donald",CLAS,"Critchlow,Donald"
"Crnic,Keith Alan",CLAS,"Crnic,Keith Alan"
"Crook,Sharon Marie",CLAS,"Crook,Sharon Marie"
"Crozier,Peter",IAFSE,"Crozier,Peter"
"Cruz,Evelyn Haydee",LAW,"Cruz,Evelyn Haydee"
"Culbertson,Robert John",CLAS,"Culbertson,Robert John"
"Cutter,Robert Joe",CLAS,"Cutter,Robert Joe"
"D'Souza,Gary Xavier",CLAS,"D'Souza,Gary Xavier"
"Dahal,Som Nath",IAFSE,"Dahal,Som Nath"
"Dahlen,Paul R",IAFSE,"Dahlen,Paul R"
"Dahm,Werner J.",IAFSE,"Dahm,Werner J."
"Dai,Lenore L",IAFSE,"Dai,Lenore L"
"Dale,Richard Eugene",PUBSRV,"Dale,Richard Eugene"
"Dallett,Nancy",EVPP,"Dallett,Nancy"
"Dalrymple,Michael S",OBF,"Dalrymple,Michael S"
"Daly,Elizabeth Susanne",CLAS,"Daly,Elizabeth Susanne"
"Daniels,Bryan",EVPP,"Daniels,Bryan"
"Darnall,Nicole",PUBSRV,"Darnall,Nicole"
"Das,Sumanta",IAFSE,"Das,Sumanta"
"Dasgupta,Partha",IAFSE,"Dasgupta,Partha"
"Daugherty,David B.",PUBSRV,"Daugherty,David B."
"Dauksher,William J.",IAFSE,"Dauksher,William J."
"Davidson,Joseph K",IAFSE,"Davidson,Joseph K"
"Davies,Paul",CLAS,"Davies,Paul"
"Davies,Pauline A",CLAS,"Davies,Pauline A"
"Davis,Cathy L",CLAS,"Davis,Cathy L"
"Davis,Kristina",CLAS,"Davis,Kristina"
"Davis,Mary C",CLAS,"Davis,Mary C"
"Davulcu,Hasan",IAFSE,"Davulcu,Hasan"
"Day,Stephanie Lynn",ISTL,"Day,Stephanie Lynn"
"De Los Santos Jr,Alfredo G",CLAS,"De Los Santos Jr,Alfredo G"
"Decker,Scott Henderson",PUBSRV,"Decker,Scott Henderson"
"Decourt,Boris",BDI,"Decourt,Boris"
"Dedkova,Larisa",BDI,"Dedkova,Larisa"
"Defaria,Rowan",HIDA,"Defaria,Rowan"
"Delay,Dawn Ann",CLAS,"Delay,Dawn Ann"
"Delmont,Matthew",CLAS,"Delmont,Matthew"
"Dempster,Thomas A",IAFSE,"Dempster,Thomas A"
"Deng,Shuguang",IAFSE,"Deng,Shuguang"
"Desch,Steven",CLAS,"Desch,Steven"
"Desouza,Kevin",PUBSRV,"Desouza,Kevin"
"Deviche,Pierre",CLAS,"Deviche,Pierre"
"Dey,Sandwip Kumar",IAFSE,"Dey,Sandwip Kumar"
"Diaz,Rodolfo Enrique",IAFSE,"Diaz,Rodolfo Enrique"
"Dickinson,Jared M",CHS,"Dickinson,Jared M"
"Diehnelt,Chris W",BDI,"Diehnelt,Chris W"
"Dietrich,Suzanne Wagner",ARTS,"Dietrich,Suzanne Wagner"
"Dinu,Valentin",CHS,"Dinu,Valentin"
"Dishion,Thomas",CLAS,"Dishion,Thomas"
"Dixon,Shane Yahlu",EVPP,"Dixon,Shane Yahlu"
"Doane,Leah D.",CLAS,"Doane,Leah D."
"Doebbeling,Bradley Niel",CHS,"Doebbeling,Bradley Niel"
"Donhauser,Lindsey Gosma",GIOS,"Donhauser,Lindsey Gosma"
"Dooley,Kevin John",WPC,"Dooley,Kevin John"
"Dorman,Michael F",CHS,"Dorman,Michael F"
"Dorn,Ronald I",CLAS,"Dorn,Ronald I"
"Dorn,Sherman J",MLFTC,"Dorn,Sherman J"
"Douglas,Ian",ISTL,"Douglas,Ian"
"Dounskaia,Natalia",CHS,"Dounskaia,Natalia"
"Doupe,Adam",IAFSE,"Doupe,Adam"
"Drucker,Jeffery S",CLAS,"Drucker,Jeffery S"
"Dubois,Raymond",CHS,"Dubois,Raymond"
"Duell,Meghan Elizabeth",CLAS,"Duell,Meghan Elizabeth"
"Duggan,Mary Anne",CLAS,"Duggan,Mary Anne"
"Dunckley,Travis L",BDI,"Dunckley,Travis L"
"Dunham,Emilie T",CLAS,"Dunham,Emilie T"
"Dunlap,Daniel Robert",CLAS,"Dunlap,Daniel Robert"
"Duran,Nicholas",ARTS,"Duran,Nicholas"
"Durfee,Alesha D",CLAS,"Durfee,Alesha D"
"Dwyer,Christian",CLAS,"Dwyer,Christian"
"Eakin,Hallie C",GIOS,"Eakin,Hallie C"
"Earl,Stevan Ross",GIOS,"Earl,Stevan Ross"
"Early,Jessica Singer",CLAS,"Early,Jessica Singer"
"Easson,Damien",CLAS,"Easson,Damien"
"Ebrahimkhani,Mohammad Reza",IAFSE,"Ebrahimkhani,Mohammad Reza"
"Edwards,Michael C",CLAS,"Edwards,Michael C"
"Ehlenz,Meagan",CLAS,"Ehlenz,Meagan"
"Eisenberg,Nancy",CLAS,"Eisenberg,Nancy"
"Ekiss,Gale Barbara",CLAS,"Ekiss,Gale Barbara"
"El Asmar,Mounir",IAFSE,"El Asmar,Mounir"
"Elam,Kit K",CLAS,"Elam,Kit K"
"Elkins-Tanton,Linda",CLAS,"Elkins-Tanton,Linda"
"Elliott,Stephen Nelson",CLAS,"Elliott,Stephen Nelson"
"Ellison,Leigh Anne",CLAS,"Ellison,Leigh Anne"
"Ellsworth,Angela",HIDA,"Ellsworth,Angela"
"Elser,James Joseph",CLAS,"Elser,James Joseph"
"Elser,Monica Mueller",GIOS,"Elser,Monica Mueller"
"Ely,Tucker Drew",CLAS,"Ely,Tucker Drew"
"Emady,Heather Nicole",IAFSE,"Emady,Heather Nicole"
"Englin,Jeffrey Eric",WPC,"Englin,Jeffrey Eric"
"Erchul,William Patrick",CLAS,"Erchul,William Patrick"
"Ernzen,James J",IAFSE,"Ernzen,James J"
"Essary,Alison Carol",CHS,"Essary,Alison Carol"
"Esser,Gregory M",HIDA,"Esser,Gregory M"
"Essig,Linda",HIDA,"Essig,Linda"
"Estes,Nicholas",CLAS,"Estes,Nicholas"
"Etheridge Woodson,Stephani",HIDA,"Etheridge Woodson,Stephani"
"Evans-Romaine,Dorothy Kathleen",CLAS,"Evans-Romaine,Dorothy Kathleen"
"Evans,Bronwynne C",CONHI,"Evans,Bronwynne C"
"Fabes,Richard Allen",CLAS,"Fabes,Richard Allen"
"Fabricius,William Van",CLAS,"Fabricius,William Van"
"Fahmi,Noureddine",BDI,"Fahmi,Noureddine"
"Fainekos,Georgios E.",IAFSE,"Fainekos,Georgios E."
"Faleev,Nikolai",IAFSE,"Faleev,Nikolai"
"Falsetti,Anthony B",ARTS,"Falsetti,Anthony B"
"Farmer,Jack",CLAS,"Farmer,Jack"
"Farooque,Mahmud Ali",SFIS,"Farooque,Mahmud Ali"
"Farrand,Kathleen M.",MLFTC,"Farrand,Kathleen M."
"Feeney,Mary K",PUBSRV,"Feeney,Mary K"
"Feinson,Stephen J",OKED,"Feinson,Stephen J"
"Feisst,Sabine Maria",HIDA,"Feisst,Sabine Maria"
"Feller,Andrea Leigh",HIDA,"Feller,Andrea Leigh"
"Fellmeth,Aaron Xavier",LAW,"Fellmeth,Aaron Xavier"
"Femiani,John C",IAFSE,"Femiani,John C"
"Ferguson-Colvin,Kristin Michel",PUBSRV,"Ferguson-Colvin,Kristin Michel"
"Ferry,David K",IAFSE,"Ferry,David K"
"Ferry,Lara Annette",ARTS,"Ferry,Lara Annette"
"Fewell,Jennifer Harrison",CLAS,"Fewell,Jennifer Harrison"
"Finn,Edward Frederick",HIDA,"Finn,Edward Frederick"
"Fischman,Gustavo Enrique",MLFTC,"Fischman,Gustavo Enrique"
"Fisher,Erik",SFIS,"Fisher,Erik"
"Fitzgerald,Mary M",HIDA,"Fitzgerald,Mary M"
"Flack,Kimberly Rae",WCJMC,"Flack,Kimberly Rae"
"Flores,Jodi Reeves",CLAS,"Flores,Jodi Reeves"
"Flory,Justin David",BDI,"Flory,Justin David"
"Foltz-Sweat,Jennifer Lynn",ARTS,"Foltz-Sweat,Jennifer Lynn"
"Forbes,Carolyn Elizabeth",CLAS,"Forbes,Carolyn Elizabeth"
"Forzani,Erica Silvia",IAFSE,"Forzani,Erica Silvia"
"Foulger,Teresa S",MLFTC,"Foulger,Teresa S"
"Fox,Cora Virginia",CLAS,"Fox,Cora Virginia"
"Fox,Peter",IAFSE,"Fox,Peter"
"Frakes,David",IAFSE,"Frakes,David"
"Francisco,Wilson Alex",CLAS,"Francisco,Wilson Alex"
"Franz,Nico Mario",CLAS,"Franz,Nico Mario"
"Frasch,Wayne D",CLAS,"Frasch,Wayne D"
"Fraser,Matthew P",IAFSE,"Fraser,Matthew P"
"Freakley,Benjamin Clark",EXEC_ADMIN,"Freakley,Benjamin Clark"
"Frenette,Alexandre",HIDA,"Frenette,Alexandre"
"Fromholz,Julia M",LAW,"Fromholz,Julia M"
"Fromme,Petra",CLAS,"Fromme,Petra"
"Fromme,Raimund",CLAS,"Fromme,Raimund"
"Frow,Emma Khamis",IAFSE,"Frow,Emma Khamis"
"Fu,Hongxia",ISTL,"Fu,Hongxia"
"Fu,Qiushi",IAFSE,"Fu,Qiushi"
"Gabbard,Ralph Barnhart",LIB,"Gabbard,Ralph Barnhart"
"Gabriel,Travis Saint James",CLAS,"Gabriel,Travis Saint James"
"Gaesser,Glenn Alan",CHS,"Gaesser,Glenn Alan"
"Gaffar,Ashraf",IAFSE,"Gaffar,Ashraf"
"Gallagher,Karen Louise",CHS,"Gallagher,Karen Louise"
"Ganesh,Tirupalavanam Gopal",IAFSE,"Ganesh,Tirupalavanam Gopal"
"Garcia-Pichel,Ferran",CLAS,"Garcia-Pichel,Ferran"
"Garcia,Antonio Agustin",IAFSE,"Garcia,Antonio Agustin"
"Garcia,Joseph Cr",PUBSRV,"Garcia,Joseph Cr"
"Garlapow,Megan E.",CLAS,"Garlapow,Megan E."
"Garnero,Edward",CLAS,"Garnero,Edward"
"Garvie,Laurence A J",CLAS,"Garvie,Laurence A J"
"Gary,Kevin A",IAFSE,"Gary,Kevin A"
"Gaughan,Monica M",CLAS,"Gaughan,Monica M"
"Gaxiola,Roberto A",CLAS,"Gaxiola,Roberto A"
"Gee,Elisabeth Ruth",MLFTC,"Gee,Elisabeth Ruth"
"Gel,Aytekin",IAFSE,"Gel,Aytekin"
"Gel,Esma Senturk",IAFSE,"Gel,Esma Senturk"
"Gelb,Anne",CLAS,"Gelb,Anne"
"Georgescu,Matei",CLAS,"Georgescu,Matei"
"Gerber,Brian Joseph",PUBSRV,"Gerber,Brian Joseph"
"Gerber,Leah R",CLAS,"Gerber,Leah R"
"Ghanem,Carla",CLAS,"Ghanem,Carla"
"Gharavi,Lance Eric",HIDA,"Gharavi,Lance Eric"
"Ghazarian,Arbi",IAFSE,"Ghazarian,Arbi"
"Ghirlanda,Giovanna",CLAS,"Ghirlanda,Giovanna"
"Gibson,Edd",IAFSE,"Gibson,Edd"
"Gile,Gillian Heather",CLAS,"Gile,Gillian Heather"
"Gilger,Kristin G",WCJMC,"Gilger,Kristin G"
"Gipson-Reichardt,Cassandra Dia",CLAS,"Gipson-Reichardt,Cassandra Dia"
"Glaser,Donald Michael",CLAS,"Glaser,Donald Michael"
"Glenberg,Arthur Mitchell",CLAS,"Glenberg,Arthur Mitchell"
"Glick,Jennifer Elyse",CLAS,"Glick,Jennifer Elyse"
"Glowacka,Halszka",CLAS,"Glowacka,Halszka"
"Gober,Patricia",CLAS,"Gober,Patricia"
"Godfrey,Diane Lee",MLFTC,"Godfrey,Diane Lee"
"Goklany,Sheba",IAFSE,"Goklany,Sheba"
"Goldinger,Stephen David",CLAS,"Goldinger,Stephen David"
"Golkhou,Vahid",CLAS,"Golkhou,Vahid"
"Gonzales-Macias,Laura",UCOLLEGE,"Gonzales-Macias,Laura"
"Gonzales,Nancy A",CLAS,"Gonzales,Nancy A"
"Gonzalez Velo,Yago",IAFSE,"Gonzalez Velo,Yago"
"Gonzalez-Santin,Edwin",PUBSRV,"Gonzalez-Santin,Edwin"
"Gonzalez,Graciela H",CHS,"Gonzalez,Graciela H"
"Goodnick,Stephen Marshall",IAFSE,"Goodnick,Stephen Marshall"
"Gordon,Gwyneth Williams",CLAS,"Gordon,Gwyneth Williams"
"Gordon,Samuel Bender",CLAS,"Gordon,Samuel Bender"
"Goryll,Michael",IAFSE,"Goryll,Michael"
"Goss,Jeffrey",IAFSE,"Goss,Jeffrey"
"Gould,Ian R",CLAS,"Gould,Ian R"
"Gracia,Emilia Maria",EVPP,"Gracia,Emilia Maria"
"Graffy,Elisabeth A",SFIS,"Graffy,Elisabeth A"
"Graham,Stephen E",MLFTC,"Graham,Stephen E"
"Grando,Maria Adela",CHS,"Grando,Maria Adela"
"Granger,Douglas",CLAS,"Granger,Douglas"
"Grau Torrent,David",IAFSE,"Grau Torrent,David"
"Graudejus,Oliver",CLAS,"Graudejus,Oliver"
"Graves,William",CLAS,"Graves,William"
"Gray,Robert D",IAFSE,"Gray,Robert D"
"Gray,Shelley Irene",CHS,"Gray,Shelley Irene"
"Grebitus,Carola",WPC,"Grebitus,Carola"
"Green,Alexander Arthur",CLAS,"Green,Alexander Arthur"
"Green,Douglas Mitchell",CISA,"Green,Douglas Mitchell"
"Green,Ellen",CHS,"Green,Ellen"
"Green,Matthew D",IAFSE,"Green,Matthew D"
"Green,Samuel",CLAS,"Green,Samuel"
"Greenes,Carole E.",IAFSE,"Greenes,Carole E."
"Greenes,Robert",CHS,"Greenes,Robert"
"Greger,Bradley",IAFSE,"Greger,Bradley"
"Gregory-Mercado,Karen",CHS,"Gregory-Mercado,Karen"
"Grider-Potter,Neysa Ann",CLAS,"Grider-Potter,Neysa Ann"
"Griffin,Marie Louise",PUBSRV,"Griffin,Marie Louise"
"Grimm,Kevin John",CLAS,"Grimm,Kevin John"
"Grimm,Nancy B",CLAS,"Grimm,Nancy B"
"Groppi,Christopher E",CLAS,"Groppi,Christopher E"
"Grubesic,Anthony Hoyt",PUBSRV,"Grubesic,Anthony Hoyt"
"Gual Soler,Maria Margarita",SFIS,"Gual Soler,Maria Margarita"
"Guevarra Jr,Rudy Poscablo",CLAS,"Guevarra Jr,Rudy Poscablo"
"Gumel,Abba B",CLAS,"Gumel,Abba B"
"Guo,Jia",CLAS,"Guo,Jia"
"Guo,Yuanming",IAFSE,"Guo,Yuanming"
"Gupta,Sandeep Kumar S",IAFSE,"Gupta,Sandeep Kumar S"
"Gurney,Kevin Robert",CLAS,"Gurney,Kevin Robert"
"Gustavsson,Nora",PUBSRV,"Gustavsson,Nora"
"Guston,David H",SFIS,"Guston,David H"
"Gutkind,Lee",SFIS,"Gutkind,Lee"
"Guzzetti,Barbara Jean",ARTS,"Guzzetti,Barbara Jean"
"Hackett,Edward John",CLAS,"Hackett,Edward John"
"Hackney Price,Jennifer Faye",ARTS,"Hackney Price,Jennifer Faye"
"Hagen,Bjoern",CLAS,"Hagen,Bjoern"
"Halavais,Alexander",ARTS,"Halavais,Alexander"
"Halden,Rolf",IAFSE,"Halden,Rolf"
"Hale,Anne Elizabeth",BDI,"Hale,Anne Elizabeth"
"Hale,Michelle Lynn",CLAS,"Hale,Michelle Lynn"
"Hall,Deborah L",ARTS,"Hall,Deborah L"
"Hall,Sharon",CLAS,"Hall,Sharon"
"Halverson,Susan Marie",OKED,"Halverson,Susan Marie"
"Han,Seungyong",CLAS,"Han,Seungyong"
"Hanemann,William Michael Micha",WPC,"Hanemann,William Michael Micha"
"Hanish,Laura D",CLAS,"Hanish,Laura D"
"Hannah,Mark A",CLAS,"Hannah,Mark A"
"Hanrahan,Jeanne Elizabeth",UCOLLEGE,"Hanrahan,Jeanne Elizabeth"
"Hansen,Debra Tumbula",BDI,"Hansen,Debra Tumbula"
"Hardgrove,Craig J",CLAS,"Hardgrove,Craig J"
"Harootunian,Gevork",CHS,"Harootunian,Gevork"
"Harp,Hilary",HIDA,"Harp,Hilary"
"Harrell,Susan Elizabeth",CONHI,"Harrell,Susan Elizabeth"
"Harris,Karen R",MLFTC,"Harris,Karen R"
"Harris,Lauren",MLFTC,"Harris,Lauren"
"Harrison,Jon Fewell",CLAS,"Harrison,Jon Fewell"
"Hart,William",PUBSRV,"Hart,William"
"Hartnett,Hilairy",CLAS,"Hartnett,Hilairy"
"Hartwell,Leland Harrison",MLFTC,"Hartwell,Leland Harrison"
"Hartz,Donna Alberta",CLAS,"Hartz,Donna Alberta"
"Hauer,Jessica L",CLAS,"Hauer,Jessica L"
"Hawkey,Corey James",OBF,"Hawkey,Corey James"
"Haydel,Shelley",CLAS,"Haydel,Shelley"
"Hayes,Mark A",CLAS,"Hayes,Mark A"
"Hayter,Christopher",PUBSRV,"Hayter,Christopher"
"He,Jingrui",IAFSE,"He,Jingrui"
"He,Ximin",IAFSE,"He,Ximin"
"Hecht,Sidney Michael",CLAS,"Hecht,Sidney Michael"
"Hedberg,Eric Christopher",CLAS,"Hedberg,Eric Christopher"
"Hedberg,William C",CLAS,"Hedberg,William C"
"Hedman,Kory W",IAFSE,"Hedman,Kory W"
"Hegmon,Michelle",CLAS,"Hegmon,Michelle"
"Heimsath,Arjun",CLAS,"Heimsath,Arjun"
"Hekler,Eric Chambers",CHS,"Hekler,Eric Chambers"
"Helm,Jim E",IAFSE,"Helm,Jim E"
"Helms  Tillery,Augusta K",CHS,"Helms  Tillery,Augusta K"
"Helms Tillery,Stephen I",IAFSE,"Helms Tillery,Stephen I"
"Henderson,Joseph Bryan",MLFTC,"Henderson,Joseph Bryan"
"Henderson,Mark Richard",IAFSE,"Henderson,Mark Richard"
"Henry,Adam Keith",EVPP,"Henry,Adam Keith"
"Hepburn,John Robert",PUBSRV,"Hepburn,John Robert"
"Herasimenka,Stanislau",IAFSE,"Herasimenka,Stanislau"
"Herbst,Chris M",PUBSRV,"Herbst,Chris M"
"Herche,Wesley",GSECURITY,"Herche,Wesley"
"Herckes,Pierre E H",CLAS,"Herckes,Pierre E H"
"Hermanns,Carl Bruce",MLFTC,"Hermanns,Carl Bruce"
"Herrmann,Lisa Kay",GIOS,"Herrmann,Lisa Kay"
"Herrmann,Marcus",IAFSE,"Herrmann,Marcus"
"Hervig,Richard Lokke",CLAS,"Hervig,Richard Lokke"
"Hess,Aaron R",CISA,"Hess,Aaron R"
"Hettel,Jacqueline Marie",SFIS,"Hettel,Jacqueline Marie"
"Heydt,Gerald",IAFSE,"Heydt,Gerald"
"Hildreth,Owen James",IAFSE,"Hildreth,Owen James"
"Hill,Vanessa Nelson",CONHI,"Hill,Vanessa Nelson"
"Hinde,Katherine J",CLAS,"Hinde,Katherine J"
"Hiroi Dubay,Sheri Ryoko",CLAS,"Hiroi Dubay,Sheri Ryoko"
"Hirt,Paul Wayne",CLAS,"Hirt,Paul Wayne"
"Hjelmstad,Keith D",IAFSE,"Hjelmstad,Keith D"
"Hodbod,Jennifer Elizabeth",GIOS,"Hodbod,Jennifer Elizabeth"
"Hodge,James",LAW,"Hodge,James"
"Hodges,Kip Vernon",CLAS,"Hodges,Kip Vernon"
"Hogle,Lisa Gibson",IAFSE,"Hogle,Lisa Gibson"
"Hogue,Brenda G",CLAS,"Hogue,Brenda G"
"Holbert,Keith Edwin",IAFSE,"Holbert,Keith Edwin"
"Holechek,Susan",BDI,"Holechek,Susan"
"Holl,Mark R",BDI,"Holl,Mark R"
"Holloway,Julianne L",IAFSE,"Holloway,Julianne L"
"Holman,Zachary Charles",IAFSE,"Holman,Zachary Charles"
"Hondula,David Michael",CLAS,"Hondula,David Michael"
"Honeycutt,Claire",IAFSE,"Honeycutt,Claire"
"Hong,Yi-Chun",MLFTC,"Hong,Yi-Chun"
"Honsberg,Christiana B",IAFSE,"Honsberg,Christiana B"
"Hood,Mary",HIDA,"Hood,Mary"
"Hooker,Steven Paul",CHS,"Hooker,Steven Paul"
"Horan,John Joseph",CISA,"Horan,John Joseph"
"Housman,Genevieve Anne",CLAS,"Housman,Genevieve Anne"
"Houston,Sandra L",IAFSE,"Houston,Sandra L"
"Hoy,Meredith Anne",HIDA,"Hoy,Meredith Anne"
"Hristovski,Kiril D",IAFSE,"Hristovski,Kiril D"
"Hruschka,Daniel Jacob",CLAS,"Hruschka,Daniel Jacob"
"Hsiao,Ihan",IAFSE,"Hsiao,Ihan"
"Hsu,Keng Hao",IAFSE,"Hsu,Keng Hao"
"Hsueh,Lily Yueh-Wen",PUBSRV,"Hsueh,Lily Yueh-Wen"
"Huang,Dijiang",IAFSE,"Huang,Dijiang"
"Huang,Huei-Ping",IAFSE,"Huang,Huei-Ping"
"Huberty,Jennifer Lynne",CHS,"Huberty,Jennifer Lynne"
"Hughes,Erika Elizabeth",HIDA,"Hughes,Erika Elizabeth"
"Hughner,Renee Shaw",WPC,"Hughner,Renee Shaw"
"Hunsaker,Beau Thomas",THUNDERBIRD,"Hunsaker,Beau Thomas"
"Hunt,Brett Thomas",PUBSRV,"Hunt,Brett Thomas"
"Hunting,Daniel W",PUBSRV,"Hunting,Daniel W"
"Hurlbut,James Benjamin",CLAS,"Hurlbut,James Benjamin"
"Husman,Jenefer",CLAS,"Husman,Jenefer"
"Iffert,Audrey Suzanne",OKED,"Iffert,Audrey Suzanne"
"Iida,Masumi",CLAS,"Iida,Masumi"
"Infurna,Frank",CLAS,"Infurna,Frank"
"Ingalls,Todd Matthew",HIDA,"Ingalls,Todd Matthew"
"Ingram,Kelly Dawn",CHS,"Ingram,Kelly Dawn"
"Irish,Bradley James",CLAS,"Irish,Bradley James"
"Iwaniec,David M",GIOS,"Iwaniec,David M"
"Jackiewicz,Zdzislaw",CLAS,"Jackiewicz,Zdzislaw"
"Jackson,Kelly F",PUBSRV,"Jackson,Kelly F"
"Jacobs,Bertram Lewis",CLAS,"Jacobs,Bertram Lewis"
"Jacobs,Daniel C.",CLAS,"Jacobs,Daniel C."
"Jacobs,Mark",CLAS,"Jacobs,Mark"
"Jacobson,Diana L",CONHI,"Jacobson,Diana L"
"Jager,Justin",CLAS,"Jager,Justin"
"Jang,Jaewon",IAFSE,"Jang,Jaewon"
"Jansen,Rolf A",CLAS,"Jansen,Rolf A"
"Janssen,Marcus Alexander",GIOS,"Janssen,Marcus Alexander"
"Javidan,Mansour",THUNDERBIRD,"Javidan,Mansour"
"Jaynes,Andrew Craig",LAW,"Jaynes,Andrew Craig"
"Jenkins,Lekelia Danielle",SFIS,"Jenkins,Lekelia Danielle"
"Jewell,Shannon Linda",CLAS,"Jewell,Shannon Linda"
"Jiang,Hanqing",IAFSE,"Jiang,Hanqing"
"Jiao,Yang",IAFSE,"Jiao,Yang"
"Jimenez-Silva,Margarita",MLFTC,"Jimenez-Silva,Margarita"
"Johnson,Alexander",CLAS,"Johnson,Alexander"
"Johnson,Crista Elcira",PUBSRV,"Johnson,Crista Elcira"
"Johnson,Garth Wayne",HIDA,"Johnson,Garth Wayne"
"Johnson,James Chadwick",ARTS,"Johnson,James Chadwick"
"Johnson,Nathan Gregory",IAFSE,"Johnson,Nathan Gregory"
"Johnson,Roger H",BDI,"Johnson,Roger H"
"Johnson,Ryan Miles",GIOS,"Johnson,Ryan Miles"
"Johnson,Shane Richard",IAFSE,"Johnson,Shane Richard"
"Johnson,William G",CHS,"Johnson,William G"
"Johnston,Carol S",CHS,"Johnston,Carol S"
"Johnston,Erik W",PUBSRV,"Johnston,Erik W"
"Johnston,Stephen Albert",CLAS,"Johnston,Stephen Albert"
"Jones,John W",CLAS,"Jones,John W"
"Jordan,Michelle E",MLFTC,"Jordan,Michelle E"
"Jordan,Shawn Senneff",IAFSE,"Jordan,Shawn Senneff"
"Joshi,Bhavin Ashok",CLAS,"Joshi,Bhavin Ashok"
"Ju,Feng",IAFSE,"Ju,Feng"
"Juarez Rivera,Marisol",CLAS,"Juarez Rivera,Marisol"
"Judson,Eugene E",MLFTC,"Judson,Eugene E"
"Jurutka,Peter W",ARTS,"Jurutka,Peter W"
"Kaloush,Kamil Elias",IAFSE,"Kaloush,Kamil Elias"
"Kambhampati,Subbarao",IAFSE,"Kambhampati,Subbarao"
"Kandala,Srinivasa Srivatsav",OKED,"Kandala,Srinivasa Srivatsav"
"Kang,Dae Wook",BDI,"Kang,Dae Wook"
"Kang,Yun",CISA,"Kang,Yun"
"Kanthaswamy,Sreetharan K",ARTS,"Kanthaswamy,Sreetharan K"
"Kao,Ming-Hung",CLAS,"Kao,Ming-Hung"
"Kaplan,Bruce",CHS,"Kaplan,Bruce"
"Kaplan,Robert G",HIDA,"Kaplan,Robert G"
"Kapstein,Ethan B",PUBSRV,"Kapstein,Ethan B"
"Karady,George G",IAFSE,"Karady,George G"
"Karam,Lina",IAFSE,"Karam,Lina"
"Kashiwagi,Dean Takeo",IAFSE,"Kashiwagi,Dean Takeo"
"Katchman,Benjamin A",BDI,"Katchman,Benjamin A"
"Katsanos,Christos",CLAS,"Katsanos,Christos"
"Katz,Charles",PUBSRV,"Katz,Charles"
"Kaufman,David",CHS,"Kaufman,David"
"Kavazanjian,Edward",IAFSE,"Kavazanjian,Edward"
"Kawski,Matthias",CLAS,"Kawski,Matthias"
"Kellam,Nadia Nicole",IAFSE,"Kellam,Nadia Nicole"
"Keller,Colleen Sue",CONHI,"Keller,Colleen Sue"
"Keller,Gary D",CLAS,"Keller,Gary D"
"Kelley,Douglas L",ARTS,"Kelley,Douglas L"
"Kelley,Michael Francis",MLFTC,"Kelley,Michael Francis"
"Kelly,Lesly",CONHI,"Kelly,Lesly"
"Kempany,Katherine Amara",PUBSRV,"Kempany,Katherine Amara"
"Kenrick,Douglas T",CLAS,"Kenrick,Douglas T"
"Khdour,Omar Mohammad",BDI,"Khdour,Omar Mohammad"
"Khoshmanesh,Mostafa",CLAS,"Khoshmanesh,Mostafa"
"Kiaei,Sayfe",IAFSE,"Kiaei,Sayfe"
"Kiani,Samira",IAFSE,"Kiani,Samira"
"Kibler,Karen",BDI,"Kibler,Karen"
"Kiehl,Richard Arthur",IAFSE,"Kiehl,Richard Arthur"
"Kim,Gunwoo",HIDA,"Kim,Gunwoo"
"Kim,Wonsun",CONHI,"Kim,Wonsun"
"Kimbel,William Howard",CLAS,"Kimbel,William Howard"
"King,Richard Roland",IAFSE,"King,Richard Roland"
"Kintigh,Keith William",CLAS,"Kintigh,Keith William"
"Kinzig,Ann",CLAS,"Kinzig,Ann"
"Kirian,Richard Adam",CLAS,"Kirian,Richard Adam"
"Kirsch,Robert Emmanuel",CISA,"Kirsch,Robert Emmanuel"
"Kitch,Sally L",CLAS,"Kitch,Sally L"
"Kitchen,Jennifer Nisha",IAFSE,"Kitchen,Jennifer Nisha"
"Klassen,Sarah Elizabeth",CLAS,"Klassen,Sarah Elizabeth"
"Kleim,Jeffrey Allan",IAFSE,"Kleim,Jeffrey Allan"
"Klimek,Barbara G",PUBSRV,"Klimek,Barbara G"
"Knox,Gordon Mason",HIDA,"Knox,Gordon Mason"
"Knudson,Kelly",CLAS,"Knudson,Kelly"
"Ko,Ara",CLAS,"Ko,Ara"
"Ko,Byeongkwan",CLAS,"Ko,Byeongkwan"
"Kobojek,Kimberly Sue",ARTS,"Kobojek,Kimberly Sue"
"Kodibagkar,Vikram D",IAFSE,"Kodibagkar,Vikram D"
"Koenigsknecht,Julius U",MLFTC,"Koenigsknecht,Julius U"
"Koerner,Mari",MLFTC,"Koerner,Mari"
"Komnenich,Pauline",CONHI,"Komnenich,Pauline"
"Kong,Wei",BDI,"Kong,Wei"
"Koppell,Jonathan",PUBSRV,"Koppell,Jonathan"
"Koptiuch,Kristin",ARTS,"Koptiuch,Kristin"
"Kornienko,Olga",CLAS,"Kornienko,Olga"
"Koro-Ljungberg,Mirka",MLFTC,"Koro-Ljungberg,Mirka"
"Kosiorek,Alexander S.",WCJMC,"Kosiorek,Alexander S."
"Kostelich,Eric John",CLAS,"Kostelich,Eric John"
"Kotschwar,Brett",CLAS,"Kotschwar,Brett"
"Kouvetakis,John",CLAS,"Kouvetakis,John"
"Kozicki,Michael N",IAFSE,"Kozicki,Michael N"
"Krajmalnik-Brown,Rosa",IAFSE,"Krajmalnik-Brown,Rosa"
"Kreiser,Kellie Jean",THUNDERBIRD,"Kreiser,Kellie Jean"
"Krishnamurthi,Narayanan",CONHI,"Krishnamurthi,Narayanan"
"Krysik,Judy Lynn",PUBSRV,"Krysik,Judy Lynn"
"Kuang,Yang",CLAS,"Kuang,Yang"
"Kuby,Michael",CLAS,"Kuby,Michael"
"Kuitche,Joseph Mathurin",IAFSE,"Kuitche,Joseph Mathurin"
"Kulinna,Pamela Hodges",MLFTC,"Kulinna,Pamela Hodges"
"Kulis,Stephen Stanley",CLAS,"Kulis,Stephen Stanley"
"Kumar,Avishek Raman",CLAS,"Kumar,Avishek Raman"
"Kurz,Alexander",CLAS,"Kurz,Alexander"
"Kusumi,Kenro",CLAS,"Kusumi,Kenro"
"Kuznetsov,Anastasia Stacey",HIDA,"Kuznetsov,Anastasia Stacey"
"Kwan,Sau Y",CLAS,"Kwan,Sau Y"
"Kwon,Kyounghee Hazel",ARTS,"Kwon,Kyounghee Hazel"
"Labaer,Joshua",CLAS,"Labaer,Joshua"
"Labelle,Jeffrey T",IAFSE,"Labelle,Jeffrey T"
"Lackner,Klaus S.",IAFSE,"Lackner,Klaus S."
"Lacross,Amy Beth",CHS,"Lacross,Amy Beth"
"Ladd,Becky Kochenderfer",CLAS,"Ladd,Becky Kochenderfer"
"Ladd,Gary W",CLAS,"Ladd,Gary W"
"Lafford,Barbara A",CISA,"Lafford,Barbara A"
"Lai,Yen-Jung",BDI,"Lai,Yen-Jung"
"Lai,Ying-Cheng",IAFSE,"Lai,Ying-Cheng"
"Lake,Douglas Fletcher",CLAS,"Lake,Douglas Fletcher"
"Lamb,Gerri",CONHI,"Lamb,Gerri"
"Lambson,Dawn Anita",CLAS,"Lambson,Dawn Anita"
"Lammers,Peter",IAFSE,"Lammers,Peter"
"Lampert,Adam",CLAS,"Lampert,Adam"
"Lancaster,Hope Sparks",CHS,"Lancaster,Hope Sparks"
"Lancaster,Shanyn Colleen",EOSS,"Lancaster,Shanyn Colleen"
"Lanchier,Nicolas",CLAS,"Lanchier,Nicolas"
"Lande,Micah",IAFSE,"Lande,Micah"
"Lang,Jessica",CHS,"Lang,Jessica"
"Langbeheim,Elon E",MLFTC,"Langbeheim,Elon E"
"Langergraber,Kevin E",CLAS,"Langergraber,Kevin E"
"Langland,Jeffrey Olaf",BDI,"Langland,Jeffrey Olaf"
"Larkey,Linda Kathryn",CONHI,"Larkey,Linda Kathryn"
"Larkin,Kyle A",HIDA,"Larkin,Kyle A"
"Larsen,Dale L",PUBSRV,"Larsen,Dale L"
"Larsen,Wiley",OKED,"Larsen,Wiley"
"Larson,Kelli Leigh",CLAS,"Larson,Kelli Leigh"
"Larson,Rhett",LAW,"Larson,Rhett"
"Laubichler,Manfred Dietrich",CLAS,"Laubichler,Manfred Dietrich"
"Lawrence,Samuel J",CLAS,"Lawrence,Samuel J"
"Lebihan,Catherine C",EVPP,"Lebihan,Catherine C"
"Lecroy,Craig Winston",PUBSRV,"Lecroy,Craig Winston"
"Lederman,Linda Costigan",CLAS,"Lederman,Linda Costigan"
"Lee,Allen",EVPP,"Lee,Allen"
"Lee,Chong Do",CHS,"Lee,Chong Do"
"Lee,Hyunglae",IAFSE,"Lee,Hyunglae"
"Lee,Joohyung",IAFSE,"Lee,Joohyung"
"Lee,Rebecca Elizabeth",CONHI,"Lee,Rebecca Elizabeth"
"Lee,Sara Astrid",CLAS,"Lee,Sara Astrid"
"Lee,Taewoo",IAFSE,"Lee,Taewoo"
"Lee,Woojin",PUBSRV,"Lee,Woojin"
"Lee,Yann-Hang",IAFSE,"Lee,Yann-Hang"
"Lei,Qin",IAFSE,"Lei,Qin"
"Leinenweber,Kurt D",CLAS,"Leinenweber,Kurt D"
"Leland,Jeffrey Richard",CLAS,"Leland,Jeffrey Richard"
"Lemery,Kathryn Sue",CLAS,"Lemery,Kathryn Sue"
"Lenfesty,Hillary Louise",CLAS,"Lenfesty,Hillary Louise"
"Lennon,Tara M",CLAS,"Lennon,Tara M"
"Leong,James Andrew Monton",CLAS,"Leong,James Andrew Monton"
"Leong,Karen",CLAS,"Leong,Karen"
"Lepine,Jeffery A.",WPC,"Lepine,Jeffery A."
"Lerman,Elizabeth A",HIDA,"Lerman,Elizabeth A"
"Lerman,Richard",ARTS,"Lerman,Richard"
"Lessios-Damerow,Julia L",EVPP,"Lessios-Damerow,Julia L"
"Lester,Neal Andre",CLAS,"Lester,Neal Andre"
"Levine,James Andrew",CHS,"Levine,James Andrew"
"Levitus,Marcia",CLAS,"Levitus,Marcia"
"Levy,Roy",CLAS,"Levy,Roy"
"Li,Baoxin",IAFSE,"Li,Baoxin"
"Li,Jialun",CLAS,"Li,Jialun"
"Li,Jian",IAFSE,"Li,Jian"
"Li,Jing",IAFSE,"Li,Jing"
"Li,Wei",CLAS,"Li,Wei"
"Li,Wenwen",CLAS,"Li,Wenwen"
"Li,Xiaoxiao",CLAS,"Li,Xiaoxiao"
"Liang,Jianming",CHS,"Liang,Jianming"
"Liao,Jianling",CLAS,"Liao,Jianling"
"Lietz,Cynthia A",PUBSRV,"Lietz,Cynthia A"
"Lim,Julian",CLAS,"Lim,Julian"
"Lin,Jerry Y S",IAFSE,"Lin,Jerry Y S"
"Lin,Su",CLAS,"Lin,Su"
"Lind,Mary Laura",IAFSE,"Lind,Mary Laura"
"Linde,Jennifer Andrea",CLAS,"Linde,Jennifer Andrea"
"Lindor,Keith Douglas",EVPP,"Lindor,Keith Douglas"
"Lindsay,Stuart",CLAS,"Lindsay,Stuart"
"Lindstrom Johnson,Sarah Renee",CLAS,"Lindstrom Johnson,Sarah Renee"
"Line,Michael Robert",CLAS,"Line,Michael Robert"
"Lineberry,Heather Sealy",HIDA,"Lineberry,Heather Sealy"
"Liou,Daniel Dinn-You",MLFTC,"Liou,Daniel Dinn-You"
"Lippincott,Dianna G",EVPP,"Lippincott,Dianna G"
"Liss,Julie M",CHS,"Liss,Julie M"
"Liu,Huan",IAFSE,"Liu,Huan"
"Liu,Jingyue",CLAS,"Liu,Jingyue"
"Liu,Li",CHS,"Liu,Li"
"Liu,Wei",CLAS,"Liu,Wei"
"Liu,Yan",CLAS,"Liu,Yan"
"Liu,Yongming",IAFSE,"Liu,Yongming"
"Lobo,Jose A",GIOS,"Lobo,Jose A"
"Lockard,Joe",CLAS,"Lockard,Joe"
"Lockhart,Thurmon Eddy",IAFSE,"Lockhart,Thurmon Eddy"
"Lodato,Mark",WCJMC,"Lodato,Mark"
"London,Jeremi Shavonda",IAFSE,"London,Jeremi Shavonda"
"Loonstra,Jacqueline",MLFTC,"Loonstra,Jacqueline"
"Lopez,Juan Manuel",CLAS,"Lopez,Juan Manuel"
"Lopez,Vera A",CLAS,"Lopez,Vera A"
"Lou,Yingyan",IAFSE,"Lou,Yingyan"
"Loyd,Kerrie Anne",ARTS,"Loyd,Kerrie Anne"
"Lucio,Joanna Domenica",PUBSRV,"Lucio,Joanna Domenica"
"Lue,Lih-Fen",BDI,"Lue,Lih-Fen"
"Luecken,Linda J",CLAS,"Luecken,Linda J"
"Lunardini,Cecilia",CLAS,"Lunardini,Cecilia"
"Luo,Xin",CHS,"Luo,Xin"
"Luthar,Suniya",CLAS,"Luthar,Suniya"
"Lyles,Annmarie Abu-Judom",CONHI,"Lyles,Annmarie Abu-Judom"
"Lynch,Heidi Marie",CHS,"Lynch,Heidi Marie"
"Lynk,Myles V",LAW,"Lynk,Myles V"
"Lyons,James Richard",CLAS,"Lyons,James Richard"
"Ma,Duo",CLAS,"Ma,Duo"
"Macfadyen,Joshua",CLAS,"Macfadyen,Joshua"
"Maciejewski,Ross",IAFSE,"Maciejewski,Ross"
"Mackinnon,David Peter",CLAS,"Mackinnon,David Peter"
"Mada Kannan,Arunachala Nadar",IAFSE,"Mada Kannan,Arunachala Nadar"
"Madison,Paige Ann",CLAS,"Madison,Paige Ann"
"Magee,Dewey Mitchell",BDI,"Magee,Dewey Mitchell"
"Maguire,Edward",PUBSRV,"Maguire,Edward"
"Mahalov,Alex",CLAS,"Mahalov,Alex"
"Mahanti,Ashwina",CLAS,"Mahanti,Ashwina"
"Mahanti,Prasun",CLAS,"Mahanti,Prasun"
"Mahoney,Maren Michelle",SFIS,"Mahoney,Maren Michelle"
"Mai,Chuhong",CLAS,"Mai,Chuhong"
"Maienschein,Jane Ann",CLAS,"Maienschein,Jane Ann"
"Makin,Jean E",HIDA,"Makin,Jean E"
"Maley,Carlo Casbier",CLAS,"Maley,Carlo Casbier"
"Malhotra,Sangeeta",CLAS,"Malhotra,Sangeeta"
"Maltz,Arnold",WPC,"Maltz,Arnold"
"Mamlouk,Michael Sobhi",IAFSE,"Mamlouk,Michael Sobhi"
"Mandarino,Lawrence",CHS,"Mandarino,Lawrence"
"Mangone,Marco",CLAS,"Mangone,Marco"
"Manninen,Bertha Alvarez",ARTS,"Manninen,Bertha Alvarez"
"Manning,Linda Marie",PUBSRV,"Manning,Linda Marie"
"Mantie,Roger Allan",HIDA,"Mantie,Roger Allan"
"Manuel-Navarrete,David",GIOS,"Manuel-Navarrete,David"
"Marchant,Gary E",LAW,"Marchant,Gary E"
"Marcus,Andrew",BDI,"Marcus,Andrew"
"Marean,Curtis William",CLAS,"Marean,Curtis William"
"Marek,Karen Sue",CONHI,"Marek,Karen Sue"
"Marinelli,Donald",HIDA,"Marinelli,Donald"
"Marley,Scott Christopher",MLFTC,"Marley,Scott Christopher"
"Marley,Tennille Larzelere",CLAS,"Marley,Tennille Larzelere"
"Mars,Carole Kathleen",GIOS,"Mars,Carole Kathleen"
"Marsh,Josephine Peyton",MLFTC,"Marsh,Josephine Peyton"
"Marsh,Paul Colburn",CLAS,"Marsh,Paul Colburn"
"Marshall,Pamela Ann",ARTS,"Marshall,Pamela Ann"
"Marsiglia,Flavio",PUBSRV,"Marsiglia,Flavio"
"Marsteller,Sara Jane",CLAS,"Marsteller,Sara Jane"
"Martin,Carol Lynn",CLAS,"Martin,Carol Lynn"
"Martin,Chris A",CISA,"Martin,Chris A"
"Martin,Joyce Ann",LIB,"Martin,Joyce Ann"
"Martinez,Airin D",CLAS,"Martinez,Airin D"
"Martinez,David",CLAS,"Martinez,David"
"Marvi,Hamidreza",IAFSE,"Marvi,Hamidreza"
"Marzke,Robert F",CLAS,"Marzke,Robert F"
"Mascaro,Giuseppe",IAFSE,"Mascaro,Giuseppe"
"Massia,Stephen Paul",IAFSE,"Massia,Stephen Paul"
"Massimo,Nicholas Christopher",CLAS,"Massimo,Nicholas Christopher"
"Mastroeni,Diego Fernando",BDI,"Mastroeni,Diego Fernando"
"Matera,Frances Rose",WCJMC,"Matera,Frances Rose"
"Mathur,Sarup Rani",MLFTC,"Mathur,Sarup Rani"
"Matyushov,Dmitry V",CLAS,"Matyushov,Dmitry V"
"Maupin,Jonathan Nathaniel",CLAS,"Maupin,Jonathan Nathaniel"
"Mauricio,Anne Marie",CLAS,"Mauricio,Anne Marie"
"Mauskopf,Philip",CLAS,"Mauskopf,Philip"
"Mayes,Kristin Kay",SFIS,"Mayes,Kristin Kay"
"Maynard,Andrew",SFIS,"Maynard,Andrew"
"Mayyas,Abdel Ra'Ouf Turki",IAFSE,"Mayyas,Abdel Ra'Ouf Turki"
"Mazzola,Daniel J",WPC,"Mazzola,Daniel J"
"Mccartney,Martha Rogers",CLAS,"Mccartney,Martha Rogers"
"Mcclain,Darya Denise",CONHI,"Mcclain,Darya Denise"
"Mcclure,Kimberlee",CLAS,"Mcclure,Kimberlee"
"Mcclure,Samuel Manley",CLAS,"Mcclure,Samuel Manley"
"Mccullough,Jeffrey Carroll",CHS,"Mccullough,Jeffrey Carroll"
"Mccullough,Kelly N",WCJMC,"Mccullough,Kelly N"
"Mcdaniel,Troy Lee",IAFSE,"Mcdaniel,Troy Lee"
"Mcfadden,Erica Skogebo",PUBSRV,"Mcfadden,Erica Skogebo"
"Mcgehee,Robert Thomas",GIOS,"Mcgehee,Robert Thomas"
"Mcgowen,John",IAFSE,"Mcgowen,John"
"Mcgraw,Kevin J",CLAS,"Mcgraw,Kevin J"
"Mcgregor,Joan Lucy",CLAS,"Mcgregor,Joan Lucy"
"Mcgurty,Iveta Silova",MLFTC,"Mcgurty,Iveta Silova"
"Mchenry,Albert L",CLAS,"Mchenry,Albert L"
"Mcintyre,Scott Erin",ARTS,"Mcintyre,Scott Erin"
"Mckenna,Ann Frances",IAFSE,"Mckenna,Ann Frances"
"Mclaughlin,Claire P",EVPP,"Mclaughlin,Claire P"
"Mcmahon,Jeffrey D",HIDA,"Mcmahon,Jeffrey D"
"Mcnamara,Danielle S.",CLAS,"Mcnamara,Danielle S."
"Mcnulty,Julie Ann",CONHI,"Mcnulty,Julie Ann"
"Meier,Madeline Hogan",CLAS,"Meier,Madeline Hogan"
"Meldrum,Deirdre Ruth",IAFSE,"Meldrum,Deirdre Ruth"
"Melody,Noeleen",CLAS,"Melody,Noeleen"
"Meltzer,David E",MLFTC,"Meltzer,David E"
"Menary,Kyle Robert",CLAS,"Menary,Kyle Robert"
"Menendez,Jose",CLAS,"Menendez,Jose"
"Merritt,Joi Deshawn",MLFTC,"Merritt,Joi Deshawn"
"Messing,Jill Theresa",PUBSRV,"Messing,Jill Theresa"
"Meyer,Heather Mary",CLAS,"Meyer,Heather Mary"
"Meyers,Travis John",PUBSRV,"Meyers,Travis John"
"Michelaki,Konstantina-Eleni",CLAS,"Michelaki,Konstantina-Eleni"
"Mickelson,Kristin",ARTS,"Mickelson,Kristin"
"Middel,Ariane Christine",CLAS,"Middel,Ariane Christine"
"Middleton,James Arthur",IAFSE,"Middleton,James Arthur"
"Mignolet,Marc Paul",IAFSE,"Mignolet,Marc Paul"
"Mikellides,Pavlos George",IAFSE,"Mikellides,Pavlos George"
"Milkoreit,Manjana",GIOS,"Milkoreit,Manjana"
"Miller,Cindy Faith",CLAS,"Miller,Cindy Faith"
"Miller,Clark Anson",SFIS,"Miller,Clark Anson"
"Miller,Jon",OKED,"Miller,Jon"
"Miller,Megan Marie",CLAS,"Miller,Megan Marie"
"Mills,Jeremy H",CLAS,"Mills,Jeremy H"
"Milner,Fabio Augusto",CLAS,"Milner,Fabio Augusto"
"Minteer,Ben A",CLAS,"Minteer,Ben A"
"Mirchandani,Pitu B.",IAFSE,"Mirchandani,Pitu B."
"Mishra,Ashok Kumar",WPC,"Mishra,Ashok Kumar"
"Misra,Rajeev",CLAS,"Misra,Rajeev"
"Mittelmann,Hans D",CLAS,"Mittelmann,Hans D"
"Mobasher,Barzin",IAFSE,"Mobasher,Barzin"
"Monkiewicz,Jacqueline A",CLAS,"Monkiewicz,Jacqueline A"
"Montgomery,Douglas C",IAFSE,"Montgomery,Douglas C"
"Moody,Eric Kellan",CLAS,"Moody,Eric Kellan"
"Mook,Laurie Ingrid",PUBSRV,"Mook,Laurie Ingrid"
"Moon,Barry Robert",ARTS,"Moon,Barry Robert"
"Moon,Penelope Adams",CLAS,"Moon,Penelope Adams"
"Mooney,Sian",ARTS,"Mooney,Sian"
"Moore,Ana L",CLAS,"Moore,Ana L"
"Moore,Gary",CLAS,"Moore,Gary"
"Moore,Jacob Clark",EXEC_ADMIN,"Moore,Jacob Clark"
"Moore,Marianne Susan",CISA,"Moore,Marianne Susan"
"Moore,Thomas Andrew",CLAS,"Moore,Thomas Andrew"
"Morales,Julio",HIDA,"Morales,Julio"
"Moreno,Karen Inez",CHS,"Moreno,Karen Inez"
"Morgan,Thomas J. H.",CLAS,"Morgan,Thomas J. H."
"Morris,Brenda C",CONHI,"Morris,Brenda C"
"Morris,Traci L",CLAS,"Morris,Traci L"
"Moses,Karen S",EOSS,"Moses,Karen S"
"Mosley,Lisa Elaine",OKED,"Mosley,Lisa Elaine"
"Mossberger,Karen",PUBSRV,"Mossberger,Karen"
"Moulton,Ian Frederick",CISA,"Moulton,Ian Frederick"
"Mu,Bin",IAFSE,"Mu,Bin"
"Mubayi,Anuj",ARTS,"Mubayi,Anuj"
"Mujica,Vladimiro",CLAS,"Mujica,Vladimiro"
"Mullane,Sarah Louise",CHS,"Mullane,Sarah Louise"
"Murcko,Anita C.",CHS,"Murcko,Anita C."
"Murphy Erfani,Julie Ann",ARTS,"Murphy Erfani,Julie Ann"
"Muthuswamy,Jitendran",IAFSE,"Muthuswamy,Jitendran"
"Muzyka,Diann M",CONHI,"Muzyka,Diann M"
"Myint,Soe W",CLAS,"Myint,Soe W"
"Nahzi,Fron",GIOS,"Nahzi,Fron"
"Nailor,Natalie",MLFTC,"Nailor,Natalie"
"Nannenga,Brent Lane",IAFSE,"Nannenga,Brent Lane"
"Nation,Marcia L",GIOS,"Nation,Marcia L"
"Navarro-Mcelhaney,Kristine",CLAS,"Navarro-Mcelhaney,Kristine"
"Neal,Tess",ARTS,"Neal,Tess"
"Nedelkov,Dobrin",BDI,"Nedelkov,Dobrin"
"Neisewander,Janet Leigh",CLAS,"Neisewander,Janet Leigh"
"Neithalath,Narayanan",IAFSE,"Neithalath,Narayanan"
"Nelson,Ben A",CLAS,"Nelson,Ben A"
"Nelson,Brian Carl",IAFSE,"Nelson,Brian Carl"
"Nelson,David Michael",CLAS,"Nelson,David Michael"
"Nelson,Elizabeth Marie",CLAS,"Nelson,Elizabeth Marie"
"Nelson,Glen R",CONHI,"Nelson,Glen R"
"Nelson,Randall William",BDI,"Nelson,Randall William"
"Nemanich,Robert John",CLAS,"Nemanich,Robert John"
"Nesse,Randolph Martin",CLAS,"Nesse,Randolph Martin"
"Neuberg,Steven Laurence",CLAS,"Neuberg,Steven Laurence"
"Neuer,Susanne",CLAS,"Neuer,Susanne"
"Neveu,Marc Francois Laurent",CLAS,"Neveu,Marc Francois Laurent"
"Newbern,Jason M.",CLAS,"Newbern,Jason M."
"Newfeld,Stuart J",CLAS,"Newfeld,Stuart J"
"Newman,Nathan",IAFSE,"Newman,Nathan"
"Nickerson,Cheryl",CLAS,"Nickerson,Cheryl"
"Nielsen,Ann Walker",MLFTC,"Nielsen,Ann Walker"
"Nielsen,David Ross",IAFSE,"Nielsen,David Ross"
"Nieves Colon,Maria Alejandra",CLAS,"Nieves Colon,Maria Alejandra"
"Nikkhah,Mehdi",IAFSE,"Nikkhah,Mehdi"
"Ning,Cun-Zheng",IAFSE,"Ning,Cun-Zheng"
"Nocek,Adam",HIDA,"Nocek,Adam"
"Nunez,Diane E",CONHI,"Nunez,Diane E"
"Nyaupane,Gyan P",PUBSRV,"Nyaupane,Gyan P"
"Nystrom,Eric Charles",CISA,"Nystrom,Eric Charles"
"O'Neill Jr,Gerald Daniel",GIOS,"O'Neill Jr,Gerald Daniel"
"Oddo,Salvatore",BDI,"Oddo,Salvatore"
"Ogras,Umit Y.",IAFSE,"Ogras,Umit Y."
"Oh,Young Kyun",CLAS,"Oh,Young Kyun"
"Ohri-Vachaspati,Punam",CHS,"Ohri-Vachaspati,Punam"
"Okhremtchouk,Irina Stepanovna",MLFTC,"Okhremtchouk,Irina Stepanovna"
"Okie,Jordan",CLAS,"Okie,Jordan"
"Okun,Morris A",CLAS,"Okun,Morris A"
"Olive,Michael Foster",CLAS,"Olive,Michael Foster"
"Olson,Larry Wood",IAFSE,"Olson,Larry Wood"
"Olson,Loren",HIDA,"Olson,Loren"
"Ortiz,John Bryce",CLAS,"Ortiz,John Bryce"
"Ostman,Rae Ellen Marie",SFIS,"Ostman,Rae Ellen Marie"
"Ostrom,Amy",WPC,"Ostrom,Amy"
"Oswald,Jay",IAFSE,"Oswald,Jay"
"Owaynat,Hadil Abdelrazeq",CLAS,"Owaynat,Hadil Abdelrazeq"
"Ozev,Sule",IAFSE,"Ozev,Sule"
"Ozkan,Sefika Banu",CLAS,"Ozkan,Sefika Banu"
"Pahle,Robert",CLAS,"Pahle,Robert"
"Paine,Garth Crispan",HIDA,"Paine,Garth Crispan"
"Palta,Monica Marie",CLAS,"Palta,Monica Marie"
"Pan,Rong",IAFSE,"Pan,Rong"
"Panchanathan,Sethuraman",IAFSE,"Panchanathan,Sethuraman"
"Pangrazi,Connie Jo",MLFTC,"Pangrazi,Connie Jo"
"Panza,Kaitlyn Elizabeth",CLAS,"Panza,Kaitlyn Elizabeth"
"Papandreou-Suppappola,Antonia",IAFSE,"Papandreou-Suppappola,Antonia"
"Papotti,Paolo",IAFSE,"Papotti,Paolo"
"Parazynski,Scott",IAFSE,"Parazynski,Scott"
"Pardini,Dustin Andrew",PUBSRV,"Pardini,Dustin Andrew"
"Parikh,Maulik Kirit",CLAS,"Parikh,Maulik Kirit"
"Paris,Kristen Nicole",CLAS,"Paris,Kristen Nicole"
"Park,Jin",BDI,"Park,Jin"
"Park,Pori",CLAS,"Park,Pori"
"Parker,Marla Alexia",OKED,"Parker,Marla Alexia"
"Parker,Nathan Chandler",CLAS,"Parker,Nathan Chandler"
"Parmentier,Mary Jane C",SFIS,"Parmentier,Mary Jane C"
"Parrish,Kristen",IAFSE,"Parrish,Kristen"
"Parsey Jr,John Michael",IAFSE,"Parsey Jr,John Michael"
"Pasqualetti,Martin J",CLAS,"Pasqualetti,Martin J"
"Patel,Vimla",CHS,"Patel,Vimla"
"Patience,Jennifer Lynn",CLAS,"Patience,Jennifer Lynn"
"Patock-Peckham,Julie A",CLAS,"Patock-Peckham,Julie A"
"Paupert,Julien Henri",CLAS,"Paupert,Julien Henri"
"Pavlic,Theodore Paul",IAFSE,"Pavlic,Theodore Paul"
"Peck,Sidnee Kay",WPC,"Peck,Sidnee Kay"
"Peeples,Matthew Allen",CLAS,"Peeples,Matthew Allen"
"Peet,Matthew M",IAFSE,"Peet,Matthew M"
"Peet,Yulia V",IAFSE,"Peet,Yulia V"
"Pendyala,Ram Mohan",IAFSE,"Pendyala,Ram Mohan"
"Peng,Xihong",CISA,"Peng,Xihong"
"Penton,Christopher Ryan",CISA,"Penton,Christopher Ryan"
"Peralta,Pedro D",IAFSE,"Peralta,Pedro D"
"Perez,Gloria Adriana",CONHI,"Perez,Gloria Adriana"
"Perreault,Francois",IAFSE,"Perreault,Francois"
"Perrings,Charles Aubrey",CLAS,"Perrings,Charles Aubrey"
"Perry,Christopher Alexander",CONHI,"Perry,Christopher Alexander"
"Peter,Beate",CHS,"Peter,Beate"
"Peterson,Suzanne Joanna",WPC,"Peterson,Suzanne Joanna"
"Petrov,Megan Elise",CONHI,"Petrov,Megan Elise"
"Pettigrew,Jonathan",CLAS,"Pettigrew,Jonathan"
"Pettit,George Robert",CLAS,"Pettit,George Robert"
"Pettit,Robin Kathleen",CLAS,"Pettit,Robin Kathleen"
"Pfeiffer,Deirdre A",CLAS,"Pfeiffer,Deirdre A"
"Pharo,John Angelo",CLAS,"Pharo,John Angelo"
"Phelan,Patrick E",IAFSE,"Phelan,Patrick E"
"Phillips,Elizabeth Deutsch",EVPP,"Phillips,Elizabeth Deutsch"
"Phillips,Stephen M",IAFSE,"Phillips,Stephen M"
"Pierce-Mcmanamon,Francis P",CLAS,"Pierce-Mcmanamon,Francis P"
"Pijawka,David",CLAS,"Pijawka,David"
"Pilarisetty,Tarakeshwar",CLAS,"Pilarisetty,Tarakeshwar"
"Pina,Armando A",CLAS,"Pina,Armando A"
"Pinholster,Jacob Daniel",HIDA,"Pinholster,Jacob Daniel"
"Pipe,Teri Britt",CONHI,"Pipe,Teri Britt"
"Pittman,Andrea Lorraine",CHS,"Pittman,Andrea Lorraine"
"Pivovarova,Margarita",MLFTC,"Pivovarova,Margarita"
"Pizarro-Terrill,Jesenia Milagr",PUBSRV,"Pizarro-Terrill,Jesenia Milagr"
"Pizzarello,Sandra",CLAS,"Pizzarello,Sandra"
"Pizziconi,Vincent B",IAFSE,"Pizziconi,Vincent B"
"Pizzo,Melissa",EVPP,"Pizzo,Melissa"
"Podolnikova,Nataly",CLAS,"Podolnikova,Nataly"
"Polidoro,Beth",ARTS,"Polidoro,Beth"
"Pollat,Scott Lewis",IAFSE,"Pollat,Scott Lewis"
"Polt,Michael Christian",OKED,"Polt,Michael Christian"
"Polygerinos,Panagiotis",IAFSE,"Polygerinos,Panagiotis"
"Ponce,Fernando Agustin",CLAS,"Ponce,Fernando Agustin"
"Popat,Sudeep C",BDI,"Popat,Sudeep C"
"Poret-Peterson,Amisha T",CLAS,"Poret-Peterson,Amisha T"
"Porter,Michele",CLAS,"Porter,Michele"
"Powers,Jeanne",MLFTC,"Powers,Jeanne"
"Pratt,Megan E",CLAS,"Pratt,Megan E"
"Pratt,Stephen",CLAS,"Pratt,Stephen"
"Presson,Clark Cortelyou",CLAS,"Presson,Clark Cortelyou"
"Price,Dianne E",BDI,"Price,Dianne E"
"Puckett,Kathleen S",MLFTC,"Puckett,Kathleen S"
"Puzauskas,Katherine A",LAW,"Puzauskas,Katherine A"
"Qin,Jiangchao",IAFSE,"Qin,Jiangchao"
"Qing,Quan",CLAS,"Qing,Quan"
"Qiu,Ji",BDI,"Qiu,Ji"
"Qiu,Yueming",IAFSE,"Qiu,Yueming"
"Quay,Raymond G",GIOS,"Quay,Raymond G"
"Quigg,John C",CLAS,"Quigg,John C"
"Rajagopalan,Jagannathan",IAFSE,"Rajagopalan,Jagannathan"
"Rajan,Subramaniam Dharma",IAFSE,"Rajan,Subramaniam Dharma"
"Randall,Ashley Karay",CISA,"Randall,Ashley Karay"
"Raupp,Gregory Bruce",IAFSE,"Raupp,Gregory Bruce"
"Rawls,Jeffery Alan",CLAS,"Rawls,Jeffery Alan"
"Raymond,Jason R",CLAS,"Raymond,Jason R"
"Razdan,Anshuman",IAFSE,"Razdan,Anshuman"
"Redding,Kevin Edward",CLAS,"Redding,Kevin Edward"
"Reddy,Corianne Rogalsky",CHS,"Reddy,Corianne Rogalsky"
"Reddy,T Agami",HIDA,"Reddy,T Agami"
"Redman,Charles L",CLAS,"Redman,Charles L"
"Redman,Erin N",GIOS,"Redman,Erin N"
"Reed,Kaye E",CLAS,"Reed,Kaye E"
"Reed,Michael B",PUBLIC_AFFAIRS,"Reed,Michael B"
"Reffett,Kevin",WPC,"Reffett,Kevin"
"Rege,Kaushal",IAFSE,"Rege,Kaushal"
"Regier,Philip Roger",ONLINE,"Regier,Philip Roger"
"Reifsnider,Elizabeth Ann",CONHI,"Reifsnider,Elizabeth Ann"
"Reilly,Thomas Francis",PUBSRV,"Reilly,Thomas Francis"
"Reiman,Eric M",BDI,"Reiman,Eric M"
"Reiser,Mark R",CLAS,"Reiser,Mark R"
"Reisig,Kristy Holtfreter",PUBSRV,"Reisig,Kristy Holtfreter"
"Reisig,Michael",PUBSRV,"Reisig,Michael"
"Reisslein,Martin",IAFSE,"Reisslein,Martin"
"Ren,Fengbo",IAFSE,"Ren,Fengbo"
"Ren,Yi",IAFSE,"Ren,Yi"
"Renaud,Claire",CLAS,"Renaud,Claire"
"Restrepo,Maria Adelaida",CHS,"Restrepo,Maria Adelaida"
"Rey,Sergio J",CLAS,"Rey,Sergio J"
"Rhoads,James Ely",CLAS,"Rhoads,James Ely"
"Rhoden,Alyssa Rose",CLAS,"Rhoden,Alyssa Rose"
"Richa,Andrea W",IAFSE,"Richa,Andrea W"
"Richards,Timothy James",WPC,"Richards,Timothy James"
"Richert,Ranko",CLAS,"Richert,Ranko"
"Richter,Jennifer",SFIS,"Richter,Jennifer"
"Ridgway,Samantha Willow",CLAS,"Ridgway,Samantha Willow"
"Riley,William",CHS,"Riley,William"
"Ringhofer,Christian",CLAS,"Ringhofer,Christian"
"Risley-Curtiss,Christina",PUBSRV,"Risley-Curtiss,Christina"
"Ritchie,Barry G",CLAS,"Ritchie,Barry G"
"Rittmann,Bruce Edward",IAFSE,"Rittmann,Bruce Edward"
"Rivera,Daniel E",IAFSE,"Rivera,Daniel E"
"Roberson,Robert Wayne",CLAS,"Roberson,Robert Wayne"
"Robert,Jason",CLAS,"Robert,Jason"
"Roberts,Christopher Matthew",HIDA,"Roberts,Christopher Matthew"
"Roberts,Nicole Alicia",ARTS,"Roberts,Nicole Alicia"
"Robinson,Mark Southwick",CLAS,"Robinson,Mark Southwick"
"Rodrigues Augusto,Andre Filipe",IAFSE,"Rodrigues Augusto,Andre Filipe"
"Rodriguez,Armando A",IAFSE,"Rodriguez,Armando A"
"Roe-Sepowitz,Dominique",PUBSRV,"Roe-Sepowitz,Dominique"
"Roff,Heather Michelle",GSECURITY,"Roff,Heather Michelle"
"Rogers,Bradley Barney",IAFSE,"Rogers,Bradley Barney"
"Roggensack,Kurt",CLAS,"Roggensack,Kurt"
"Romaniello,Stephen Justin",CLAS,"Romaniello,Stephen Justin"
"Roosevelt,Stacia Stolzenberg",PUBSRV,"Roosevelt,Stacia Stolzenberg"
"Ros,Alexandra",CLAS,"Ros,Alexandra"
"Ros,Robert",CLAS,"Ros,Robert"
"Roscoe,Rod David",IAFSE,"Roscoe,Rod David"
"Rosen,Julia K",EVPP,"Rosen,Julia K"
"Rosenberg,Michael",CLAS,"Rosenberg,Michael"
"Rosier,Kathlene M",LAW,"Rosier,Kathlene M"
"Ross,Emily",CLAS,"Ross,Emily"
"Ross,Heather Maura",CONHI,"Ross,Heather Maura"
"Ruddell,Benjamin Lyle",IAFSE,"Ruddell,Benjamin Lyle"
"Ruff,Steven William",CLAS,"Ruff,Steven William"
"Ruhi Vidal,Albert",CLAS,"Ruhi Vidal,Albert"
"Runger,George",IAFSE,"Runger,George"
"Rushforth,Richard Ray",GIOS,"Rushforth,Richard Ray"
"Ruston,Scott W",CLAS,"Ruston,Scott W"
"Ruth,Alissa Alice",CLAS,"Ruth,Alissa Alice"
"Rutowski,Ronald L",CLAS,"Rutowski,Ronald L"
"Ryan,Edmund Michael Colum",CLAS,"Ryan,Edmund Michael Colum"
"Rykaczewski,Konrad",IAFSE,"Rykaczewski,Konrad"
"Sabo,John L",CLAS,"Sabo,John L"
"Sadleir,Rosalind Jane",IAFSE,"Sadleir,Rosalind Jane"
"Saewert,Karen J",CONHI,"Saewert,Karen J"
"Saffell,Erinanne Mooney",CLAS,"Saffell,Erinanne Mooney"
"Saidy-Hannah,Christina N",CLAS,"Saidy-Hannah,Christina N"
"Sailor,David J",CLAS,"Sailor,David J"
"Saks,Michael J",LAW,"Saks,Michael J"
"Sala,Osvaldo E.",CLAS,"Sala,Osvaldo E."
"Salamone,Damien Thomas",CLAS,"Salamone,Damien Thomas"
"Salerno,Jessica Marie",ARTS,"Salerno,Jessica Marie"
"Salon,Deborah",CLAS,"Salon,Deborah"
"Saltmarsh,Sarah Schmaltz",MLFTC,"Saltmarsh,Sarah Schmaltz"
"Sampson,David Arthur",GIOS,"Sampson,David Arthur"
"Sampson,Robert R",OKED,"Sampson,Robert R"
"Samuelson,Hava Tirosh",CLAS,"Samuelson,Hava Tirosh"
"Sanabria,Federico",CLAS,"Sanabria,Federico"
"Sandler,Irwin Noah",CLAS,"Sandler,Irwin Noah"
"Sandrin,Susannah K",ARTS,"Sandrin,Susannah K"
"Sandrin,Todd Ryan",ARTS,"Sandrin,Todd Ryan"
"Sankar,Lalitha",IAFSE,"Sankar,Lalitha"
"Sannier,Adrian Vincent",ONLINE,"Sannier,Adrian Vincent"
"Santana,Robert Scott",CHS,"Santana,Robert Scott"
"Santanam,Raghu",WPC,"Santanam,Raghu"
"Santello,Marco",IAFSE,"Santello,Marco"
"Santos,Carlos Eduardo",CISA,"Santos,Carlos Eduardo"
"Saraniti,Marco",IAFSE,"Saraniti,Marco"
"Sarat,Leah M",CLAS,"Sarat,Leah M"
"Sarewitz,Daniel",SFIS,"Sarewitz,Daniel"
"Saripalli,Srikanth",CLAS,"Saripalli,Srikanth"
"Sarjoughian,Hessam Seyed",IAFSE,"Sarjoughian,Hessam Seyed"
"Sarwat,Mohamed",IAFSE,"Sarwat,Mohamed"
"Sato,Hiroyuki",CLAS,"Sato,Hiroyuki"
"Saul,Steven Eugene",CISA,"Saul,Steven Eugene"
"Savenye,Wilhelmina C",MLFTC,"Savenye,Wilhelmina C"
"Sayeed,Mohamed",UTO,"Sayeed,Mohamed"
"Sayres,Scott G",CLAS,"Sayres,Scott G"
"Scaglione,Anna",IAFSE,"Scaglione,Anna"
"Scannapieco,Evan",CLAS,"Scannapieco,Evan"
"Schaefer,David",CLAS,"Schaefer,David"
"Scherer,Nancy",CHS,"Scherer,Nancy"
"Schmidt,Kevin Edward",CLAS,"Schmidt,Kevin Edward"
"Schmitz,Troy Gordon",WPC,"Schmitz,Troy Gordon"
"Schoettle,Louis Noble",CLAS,"Schoettle,Louis Noble"
"Schrader,Devin Lee",CLAS,"Schrader,Devin Lee"
"Schreiner-Mcgraw,Adam Paul",CLAS,"Schreiner-Mcgraw,Adam Paul"
"Schugurensky,Daniel",PUBSRV,"Schugurensky,Daniel"
"Schulte,Ann C",CLAS,"Schulte,Ann C"
"Schwartz,Gary T",CLAS,"Schwartz,Gary T"
"Schweitzer,Nicholas",ARTS,"Schweitzer,Nicholas"
"Scotch,Matthew L",BDI,"Scotch,Matthew L"
"Scott,Kimberly A",CLAS,"Scott,Kimberly A"
"Scowen,Paul Andrew",CLAS,"Scowen,Paul Andrew"
"Seager,Thomas Payson",IAFSE,"Seager,Thomas Payson"
"Searle,Mark",EVPP,"Searle,Mark"
"Seaton,Eleanor",CLAS,"Seaton,Eleanor"
"Sebold,Brent James",IAFSE,"Sebold,Brent James"
"Sefair,Jorge Alberto",IAFSE,"Sefair,Jorge Alberto"
"Segal,Sabrina",CLAS,"Segal,Sabrina"
"Selin,Cynthia Lea",SFIS,"Selin,Cynthia Lea"
"Selover,Nancy Joan",CLAS,"Selover,Nancy Joan"
"Semken,Steven",CLAS,"Semken,Steven"
"Sen,Arunabha",IAFSE,"Sen,Arunabha"
"Seo,Dong Kyun",CLAS,"Seo,Dong Kyun"
"Seo,Jae-Sun",IAFSE,"Seo,Jae-Sun"
"Seyler,Sean Lee",CLAS,"Seyler,Sean Lee"
"Sha,Xin Wei",HIDA,"Sha,Xin Wei"
"Shabazz Sanders,Gregg Rashad",CLAS,"Shabazz Sanders,Gregg Rashad"
"Shafer,Michael S",PUBSRV,"Shafer,Michael S"
"Shaibi,Gabriel",CONHI,"Shaibi,Gabriel"
"Shakarian,Jana L",IAFSE,"Shakarian,Jana L"
"Shakarian,Paulo",IAFSE,"Shakarian,Paulo"
"Shan,Xiaonan",BDI,"Shan,Xiaonan"
"Sharp,Thomas",CLAS,"Sharp,Thomas"
"Shaw,Lesley Manson",CHS,"Shaw,Lesley Manson"
"Shearer,Nelma Beth",CONHI,"Shearer,Nelma Beth"
"Sheppard,Lorie",OBF,"Sheppard,Lorie"
"Shet Tilvi,Vithal Pandurang",CLAS,"Shet Tilvi,Vithal Pandurang"
"Shi,Yixin",CLAS,"Shi,Yixin"
"Shim,Sang-Heon",CLAS,"Shim,Sang-Heon"
"Shin,Cha-Nam",CONHI,"Shin,Cha-Nam"
"Shin,Dosun",EVPP,"Shin,Dosun"
"Shiota,Michelle Noelani",CLAS,"Shiota,Michelle Noelani"
"Shipstead,Zachary",ARTS,"Shipstead,Zachary"
"Shirzaei,Manoochehr",CLAS,"Shirzaei,Manoochehr"
"Shkolnik,Evgenya",CLAS,"Shkolnik,Evgenya"
"Shock,Everett",CLAS,"Shock,Everett"
"Shortliffe,Edward H",CHS,"Shortliffe,Edward H"
"Shrestha,Milan",GIOS,"Shrestha,Milan"
"Shrivastava,Aviral",IAFSE,"Shrivastava,Aviral"
"Shuaib,Abdelrahman Nasr",IAFSE,"Shuaib,Abdelrahman Nasr"
"Shutters,Shade Timothy",IAFSE,"Shutters,Shade Timothy"
"Si,Jennie",IAFSE,"Si,Jennie"
"Sieradzki,Karl",IAFSE,"Sieradzki,Karl"
"Sierks,Michael Richard",IAFSE,"Sierks,Michael Richard"
"Silcock,Burton William",WCJMC,"Silcock,Burton William"
"Silk,Joan Barbara",CLAS,"Silk,Joan Barbara"
"Silva,Victor Hugo",CLAS,"Silva,Victor Hugo"
"Silva,Yasin Nilton",ARTS,"Silva,Yasin Nilton"
"Simeone,Michael Paul",CLAS,"Simeone,Michael Paul"
"Simon,Arleyn W",CLAS,"Simon,Arleyn W"
"Simpson,Richard Kendall",CLAS,"Simpson,Richard Kendall"
"Sinha,Shahnawaz",IAFSE,"Sinha,Shahnawaz"
"Sipka,Danko Dan",CLAS,"Sipka,Danko Dan"
"Skorokhodov,Philip",CLAS,"Skorokhodov,Philip"
"Slade,Alexandra Avril Brewis",CLAS,"Slade,Alexandra Avril Brewis"
"Slivinski,Stephen Anthony",WPC,"Slivinski,Stephen Anthony"
"Smith,Barbara Symie",IAFSE,"Smith,Barbara Symie"
"Smith,Brian",CLAS,"Smith,Brian"
"Smith,David John",CLAS,"Smith,David John"
"Smith,Jacqueline Vella",EXEC_ADMIN,"Smith,Jacqueline Vella"
"Smith,Sharon D",EOSS,"Smith,Sharon D"
"Snyder,Russell Bradley",CLAS,"Snyder,Russell Bradley"
"Sodemann,Angela Ann",IAFSE,"Sodemann,Angela Ann"
"Sohoni,Sohum Ashok",IAFSE,"Sohoni,Sohum Ashok"
"Solanki,Kiran N.",IAFSE,"Solanki,Kiran N."
"Solyom,Jessica Ann",CLAS,"Solyom,Jessica Ann"
"Sommerfeld,Milton R",IAFSE,"Sommerfeld,Milton R"
"Song,Qian",CLAS,"Song,Qian"
"Sottara,Davide",CHS,"Sottara,Davide"
"Spanias,Andreas Savva",IAFSE,"Spanias,Andreas Savva"
"Spanierman,Lisa Beth",CISA,"Spanierman,Lisa Beth"
"Spano,Mark L.",IAFSE,"Spano,Mark L."
"Sparapani,Nicole J",ISTL,"Sparapani,Nicole J"
"Spence,John Charles",CLAS,"Spence,John Charles"
"Speyerer,Emerson Jacob",CLAS,"Speyerer,Emerson Jacob"
"Spindler,Robert Paul",LIB,"Spindler,Robert Paul"
"Spinrad,Tracy",CLAS,"Spinrad,Tracy"
"Spohn,Cassia Cathleen",PUBSRV,"Spohn,Cassia Cathleen"
"Squires,Kyle D",IAFSE,"Squires,Kyle D"
"Stabenfeldt,Sarah E",IAFSE,"Stabenfeldt,Sarah E"
"Stafford,Phillip",BDI,"Stafford,Phillip"
"Standley,Eileen",HIDA,"Standley,Eileen"
"Stanley,Richard H",EXEC_ADMIN,"Stanley,Richard H"
"Starrfield,Sumner Grosby",CLAS,"Starrfield,Sumner Grosby"
"Starzynski,Shoshanna",EVPP,"Starzynski,Shoshanna"
"Stats-Caldwell,Denise M",CHS,"Stats-Caldwell,Denise M"
"Stauffer,Sandra Lee",HIDA,"Stauffer,Sandra Lee"
"Stechel,Ellen B.",GIOS,"Stechel,Ellen B."
"Steele,Kelly Patricia",CISA,"Steele,Kelly Patricia"
"Steimle,Timothy",CLAS,"Steimle,Timothy"
"Stein,Julian Everett",HIDA,"Stein,Julian Everett"
"Stempihar,Jeffrey John",IAFSE,"Stempihar,Jeffrey John"
"Stephanopoulos,Nicholas",CLAS,"Stephanopoulos,Nicholas"
"Sterner,Beckett",CLAS,"Sterner,Beckett"
"Stevens,Yvonne Angelica",LAW,"Stevens,Yvonne Angelica"
"Stojanowski,Christopher Michae",CLAS,"Stojanowski,Christopher Michae"
"Stone,Anne C",CLAS,"Stone,Anne C"
"Stopar,Julie D",CLAS,"Stopar,Julie D"
"Stritch,Justin Michael",PUBSRV,"Stritch,Justin Michael"
"Strumsky,Deborah",EVPP,"Strumsky,Deborah"
"Stufken,John",CLAS,"Stufken,John"
"Suk,Hye Won",CLAS,"Suk,Hye Won"
"Sullivan,Kenneth T",IAFSE,"Sullivan,Kenneth T"
"Sumida Huaman,Elizabeth",CLAS,"Sumida Huaman,Elizabeth"
"Sun,Fei",PUBSRV,"Sun,Fei"
"Surgent,Scott Adam",CLAS,"Surgent,Scott Adam"
"Suzart De Albuquerque,Fabio",CISA,"Suzart De Albuquerque,Fabio"
"Suzuki,Anne S",ARTS,"Suzuki,Anne S"
"Swadener,Elizabeth Blue",CLAS,"Swadener,Elizabeth Blue"
"Swan,Pamela D",CHS,"Swan,Pamela D"
"Swartz,Jonathan Ward",HIDA,"Swartz,Jonathan Ward"
"Sweat,Ken Gunter",ARTS,"Sweat,Ken Gunter"
"Sweazea,Karen Leanna",CHS,"Sweazea,Karen Leanna"
"Swindell,David",PUBSRV,"Swindell,David"
"Symonds,Sylvia Alicia",EOSS,"Symonds,Sylvia Alicia"
"Symonds,William",OKED,"Symonds,William"
"Syrotiuk,Violet",IAFSE,"Syrotiuk,Violet"
"Tachine,Amanda R",CLAS,"Tachine,Amanda R"
"Takahashi,Timothy Taro",IAFSE,"Takahashi,Timothy Taro"
"Takamura,John Hiroomi",HIDA,"Takamura,John Hiroomi"
"Talboom,Joshua S",CLAS,"Talboom,Joshua S"
"Tamizhmani,Govindasamy",IAFSE,"Tamizhmani,Govindasamy"
"Tang,Pingbo",IAFSE,"Tang,Pingbo"
"Tang,Wenbo",CLAS,"Tang,Wenbo"
"Tao,Meng",IAFSE,"Tao,Meng"
"Tao,Nongjian",IAFSE,"Tao,Nongjian"
"Tasevska,Natasha",CHS,"Tasevska,Natasha"
"Tasooji,Amaneh",IAFSE,"Tasooji,Amaneh"
"Taylor,Jesse Earl",CLAS,"Taylor,Jesse Earl"
"Taylor,Michelle Elizabeth",CLAS,"Taylor,Michelle Elizabeth"
"Taylor,Sydney June",IAFSE,"Taylor,Sydney June"
"Taylor,Thomas J",CLAS,"Taylor,Thomas J"
"Tebeau,Mark Thomas",CLAS,"Tebeau,Mark Thomas"
"Tein,Jenn-Yun",CLAS,"Tein,Jenn-Yun"
"Telep,Cody Webb",PUBSRV,"Telep,Cody Webb"
"Tepedelenlioglu,Cihan",IAFSE,"Tepedelenlioglu,Cihan"
"Tepper,Steven Jay",HIDA,"Tepper,Steven Jay"
"Terrill,William Charles",PUBSRV,"Terrill,William Charles"
"Thangavelautham,Jekanthan",CLAS,"Thangavelautham,Jekanthan"
"Thies,Cameron G",CLAS,"Thies,Cameron G"
"Thompson,John Curtis",OBF,"Thompson,John Curtis"
"Thompson,Michael Lloyd",OBF,"Thompson,Michael Lloyd"
"Thompson,Patrick W",CLAS,"Thompson,Patrick W"
"Thornton,Trevor John",IAFSE,"Thornton,Trevor John"
"Thorpe,Michael F",CLAS,"Thorpe,Michael F"
"Throop,Heather Lynne",CLAS,"Throop,Heather Lynne"
"Thyagarajan,Nithyanandan",CLAS,"Thyagarajan,Nithyanandan"
"Tian,Yanqing",BDI,"Tian,Yanqing"
"Till,Christy B",CLAS,"Till,Christy B"
"Timmes,Francis",CLAS,"Timmes,Francis"
"Tinapple,David A",HIDA,"Tinapple,David A"
"Tiokhin,Leonid",CLAS,"Tiokhin,Leonid"
"Tobias,Evan Sean",HIDA,"Tobias,Evan Sean"
"Tobin,Daniel Joseph",HIDA,"Tobin,Daniel Joseph"
"Todd,Michael Wayne",CONHI,"Todd,Michael Wayne"
"Toledo,Meynard John Lapore",CHS,"Toledo,Meynard John Lapore"
"Tong,Hanghang",IAFSE,"Tong,Hanghang"
"Tongay,Sefaattin",IAFSE,"Tongay,Sefaattin"
"Toon,Richard",CLAS,"Toon,Richard"
"Torres,Cesar I",IAFSE,"Torres,Cesar I"
"Towe,Bruce C",IAFSE,"Towe,Bruce C"
"Towers,Sherry Meleah Jean",CLAS,"Towers,Sherry Meleah Jean"
"Tracy,Sarah Jane",CLAS,"Tracy,Sarah Jane"
"Trastek,Victor Frederick",CHS,"Trastek,Victor Frederick"
"Treacy,Michael Matthew John",CLAS,"Treacy,Michael Matthew John"
"Trenchevska,Olgica",BDI,"Trenchevska,Olgica"
"Trifiro,Anthony J",CLAS,"Trifiro,Anthony J"
"Trimble,Steven Wesley",IAFSE,"Trimble,Steven Wesley"
"Trovitch,Ryan James",CLAS,"Trovitch,Ryan James"
"Trujillo,Rhett Diago",WPC,"Trujillo,Rhett Diago"
"Truong,Danh Dinh",IAFSE,"Truong,Danh Dinh"
"Tsai,Jiun-Yi",CLAS,"Tsai,Jiun-Yi"
"Tsakalis,Konstantinos",IAFSE,"Tsakalis,Konstantinos"
"Tsow,Tsing Wai",BDI,"Tsow,Tsing Wai"
"Tsuda,Takeyuki",CLAS,"Tsuda,Takeyuki"
"Turaga,Pavan Kumar",HIDA,"Turaga,Pavan Kumar"
"Turker,Ebru",CLAS,"Turker,Ebru"
"Turner II,Billie Lee",CLAS,"Turner II,Billie Lee"
"Turriziani Colonna,Federica",CLAS,"Turriziani Colonna,Federica"
"Tylavsky,Daniel John",IAFSE,"Tylavsky,Daniel John"
"Tyler,William James",IAFSE,"Tyler,William James"
"Ugarova,Tatiana P",CLAS,"Ugarova,Tatiana P"
"Umana-Taylor,Adriana J",CLAS,"Umana-Taylor,Adriana J"
"Underiner,Tamara Lou",HIDA,"Underiner,Tamara Lou"
"Underwood,Benjamin Shane",IAFSE,"Underwood,Benjamin Shane"
"Updegraff,Kimberly A",CLAS,"Updegraff,Kimberly A"
"Vachaspati,Tanmay",CLAS,"Vachaspati,Tanmay"
"Vaiana,Sara",CLAS,"Vaiana,Sara"
"Valencia,William Ruben",PUBSRV,"Valencia,William Ruben"
"Valente,Matthew",CLAS,"Valente,Matthew"
"Van De Sande,Carla",CLAS,"Van De Sande,Carla"
"Van Der Leeuw,Sander",CLAS,"Van Der Leeuw,Sander"
"Van Gelderen,Elly",CLAS,"Van Gelderen,Elly"
"Van Horn,Wade Dale",CLAS,"Van Horn,Wade Dale"
"Van Huisstede,Lauren Elizabeth",CLAS,"Van Huisstede,Lauren Elizabeth"
"Van Soest,Matthijs Cornelis",CLAS,"Van Soest,Matthijs Cornelis"
"Vanlehn,Kurt A",IAFSE,"Vanlehn,Kurt A"
"Vanmali,Binaben H",EVPP,"Vanmali,Binaben H"
"Varnum,Michael E",CLAS,"Varnum,Michael E"
"Vasileska,Dragica",IAFSE,"Vasileska,Dragica"
"Vaughan,Linda",CHS,"Vaughan,Linda"
"Vega-Lopez,Sonia",CHS,"Vega-Lopez,Sonia"
"Vega,Sujey",CLAS,"Vega,Sujey"
"Velasquez,Donna Marie",CONHI,"Velasquez,Donna Marie"
"Velazquez,Ramon",BDI,"Velazquez,Ramon"
"Velez-Ibanez,Carlos",CLAS,"Velez-Ibanez,Carlos"
"Venkatesan,Arjunkrishna",BDI,"Venkatesan,Arjunkrishna"
"Veramendi,Gregory Francisco",WPC,"Veramendi,Gregory Francisco"
"Vermaas,Willem F J",CLAS,"Vermaas,Willem F J"
"Vernon,Brent",IAFSE,"Vernon,Brent"
"Vidt,Meghan Elise",CHS,"Vidt,Meghan Elise"
"Villalobos,Jesus R",IAFSE,"Villalobos,Jesus R"
"Vittal,Vijay",IAFSE,"Vittal,Vijay"
"Vivoni,Enrique",IAFSE,"Vivoni,Enrique"
"Vogt,Christine Ann",PUBSRV,"Vogt,Christine Ann"
"Von Hagen,Mark",CLAS,"Von Hagen,Mark"
"Vrudhula,Sarma B K",IAFSE,"Vrudhula,Sarma B K"
"Wadhwa,Meenakshi",CLAS,"Wadhwa,Meenakshi"
"Wagner-Dunbar,Faith Marg",MLFTC,"Wagner-Dunbar,Faith Marg"
"Wagner,Carl Edward",ARTS,"Wagner,Carl Edward"
"Wagner,Robert Vernon",CLAS,"Wagner,Robert Vernon"
"Waldman,David A",THUNDERBIRD,"Waldman,David A"
"Waldron,Vincent R",ARTS,"Waldron,Vincent R"
"Walker,Douglas Gordon",BDI,"Walker,Douglas Gordon"
"Walker,Erin Ashley",IAFSE,"Walker,Erin Ashley"
"Walker,Ian James",CLAS,"Walker,Ian James"
"Wallace,Danielle Marie",PUBSRV,"Wallace,Danielle Marie"
"Wallstrom,Garrick L",CHS,"Wallstrom,Garrick L"
"Walters,Debra Molina",MLFTC,"Walters,Debra Molina"
"Wang,Chao",IAFSE,"Wang,Chao"
"Wang,Dingzhi",BDI,"Wang,Dingzhi"
"Wang,Dongwen",CHS,"Wang,Dongwen"
"Wang,Liping",IAFSE,"Wang,Liping"
"Wang,Qing Hua",IAFSE,"Wang,Qing Hua"
"Wang,Robert Y.",IAFSE,"Wang,Robert Y."
"Wang,Shaopeng",BDI,"Wang,Shaopeng"
"Wang,Xia",PUBSRV,"Wang,Xia"
"Wang,Xiao",IAFSE,"Wang,Xiao"
"Wang,Xu",CLAS,"Wang,Xu"
"Wang,Xuan",CLAS,"Wang,Xuan"
"Wang,Yalin",IAFSE,"Wang,Yalin"
"Wang,Zhihua",IAFSE,"Wang,Zhihua"
"Warner,Carolyn",CLAS,"Warner,Carolyn"
"Webb,Vincent J",PUBSRV,"Webb,Vincent J"
"Weidenaar,Kim Elizabeth",LAW,"Weidenaar,Kim Elizabeth"
"Weierstall,Uwe Juergen",CLAS,"Weierstall,Uwe Juergen"
"Welch,Eric W",PUBSRV,"Welch,Eric W"
"Welfert,Bruno Denis",CLAS,"Welfert,Bruno Denis"
"Wellington,Danika Fay",CLAS,"Wellington,Danika Fay"
"Wentz,Elizabeth Ann",CLAS,"Wentz,Elizabeth Ann"
"Wermers,James Edward",CISA,"Wermers,James Edward"
"Wernimont,Jacqueline",CLAS,"Wernimont,Jacqueline"
"Werth,Susanna",CLAS,"Werth,Susanna"
"Wertheimer,Eric H R",EVPP,"Wertheimer,Eric H R"
"West,Stephen G",CLAS,"West,Stephen G"
"West,Stephen H",CLAS,"West,Stephen H"
"Westerhoff,Paul",IAFSE,"Westerhoff,Paul"
"Westlake,Garret M",OKED,"Westlake,Garret M"
"Wetmore,Jameson Michael",SFIS,"Wetmore,Jameson Michael"
"Wetzel,Jon",IAFSE,"Wetzel,Jon"
"Wetzel,Nicole Michelle",ARTS,"Wetzel,Nicole Michelle"
"Wharton,Christopher Mack",CHS,"Wharton,Christopher Mack"
"Whelan,Mary Kathryn",LIB,"Whelan,Mary Kathryn"
"Whipple,Kelin X",CLAS,"Whipple,Kelin X"
"Whisner,Corrie Marie",CHS,"Whisner,Corrie Marie"
"White,Dave Douglas",PUBSRV,"White,Dave Douglas"
"White,Mary A",ISTL,"White,Mary A"
"White,Michael D",PUBSRV,"White,Michael D"
"White,Rebecca May Blumenauer",CLAS,"White,Rebecca May Blumenauer"
"Whitsett,Andrea Johns",PUBSRV,"Whitsett,Andrea Johns"
"Wiktor,Peter Jan",BDI,"Wiktor,Peter Jan"
"Wilcox,Martha Jeanne",MLFTC,"Wilcox,Martha Jeanne"
"Wilkens,Natalie Desrochers",CLAS,"Wilkens,Natalie Desrochers"
"Williams,David A",CLAS,"Williams,David A"
"Williams,Deborah L",CLAS,"Williams,Deborah L"
"Williams,Douglas Adrian",CLAS,"Williams,Douglas Adrian"
"Williams,Joann Clara",CLAS,"Williams,Joann Clara"
"Williams,Lela Rankin",PUBSRV,"Williams,Lela Rankin"
"Williams,Lynda B",CLAS,"Williams,Lynda B"
"Williamson,John Clint",OKED,"Williamson,John Clint"
"Willis,Wayne Tyrus",CHS,"Willis,Wayne Tyrus"
"Wilson Sayres,Melissa A",CLAS,"Wilson Sayres,Melissa A"
"Wilson-Rawls,Norma Jeanne",CLAS,"Wilson-Rawls,Norma Jeanne"
"Windhorst,Rogier A",CLAS,"Windhorst,Rogier A"
"Winterton,Jamie",GSECURITY,"Winterton,Jamie"
"Wittmann,Axel",CLAS,"Wittmann,Axel"
"Wolchik,Sharlene",CLAS,"Wolchik,Sharlene"
"Wolfersteig,Wendy L",PUBSRV,"Wolfersteig,Wendy L"
"Wolowiec-Fisher,Kimberly Chris",MLFTC,"Wolowiec-Fisher,Kimberly Chris"
"Wood,Reed Morrison",CLAS,"Wood,Reed Morrison"
"Woodall,Gina Marie Serignese",CLAS,"Woodall,Gina Marie Serignese"
"Woodbury,Neal Walter",CLAS,"Woodbury,Neal Walter"
"Wright,Allen B",IAFSE,"Wright,Allen B"
"Wright,Christian Douglas",CLAS,"Wright,Christian Douglas"
"Wright,Kevin A",PUBSRV,"Wright,Kevin A"
"Wright,Thorin",CLAS,"Wright,Thorin"
"Wu,Bing",IAFSE,"Wu,Bing"
"Wu,Carole-Jean",IAFSE,"Wu,Carole-Jean"
"Wu,Jun",CLAS,"Wu,Jun"
"Wu,Teresa",IAFSE,"Wu,Teresa"
"Wutich,Amber Elisabeth Yoder",CLAS,"Wutich,Amber Elisabeth Yoder"
"Wylie,Ruth",MLFTC,"Wylie,Ruth"
"Wynne,Clive",CLAS,"Wynne,Clive"
"Xian,Xiaojun",BDI,"Xian,Xiaojun"
"Xue,Guoliang",IAFSE,"Xue,Guoliang"
"Yamashiro,Carl Takeshi",CHS,"Yamashiro,Carl Takeshi"
"Yan,Hao",CLAS,"Yan,Hao"
"Yao,Yu",IAFSE,"Yao,Yu"
"Yarger,Jeffery Lynn",CLAS,"Yarger,Jeffery Lynn"
"Yau,Sik-Sang",IAFSE,"Yau,Sik-Sang"
"Ye,Nong",IAFSE,"Ye,Nong"
"Yeager,Cynthia Jean",THUNDERBIRD,"Yeager,Cynthia Jean"
"Yekani Fard,Masoud",IAFSE,"Yekani Fard,Masoud"
"Ying,Lei",IAFSE,"Ying,Lei"
"York,Abigail",CLAS,"York,Abigail"
"Yost,William A",CHS,"Yost,William A"
"Young,Patrick",CLAS,"Young,Patrick"
"Youngbull,Aaron Cody",CLAS,"Youngbull,Aaron Cody"
"Youngstedt,Shawn D",CONHI,"Youngstedt,Shawn D"
"Yu,Hongbin",IAFSE,"Yu,Hongbin"
"Yu,Hongyu",IAFSE,"Yu,Hongyu"
"Yu,Shimeng",IAFSE,"Yu,Shimeng"
"Zachary,Gregg Pascal",SFIS,"Zachary,Gregg Pascal"
"Zaniewski,Anna",CLAS,"Zaniewski,Anna"
"Zapata,Claudia E",IAFSE,"Zapata,Claudia E"
"Zatsepin,Nadia",CLAS,"Zatsepin,Nadia"
"Zautra,Alex John",CLAS,"Zautra,Alex John"
"Zhai,Guang",CLAS,"Zhai,Guang"
"Zhang,Fei",BDI,"Zhang,Fei"
"Zhang,Jun Lei",CLAS,"Zhang,Jun Lei"
"Zhang,Junshan",IAFSE,"Zhang,Junshan"
"Zhang,Peiming",BDI,"Zhang,Peiming"
"Zhang,Wenlong",IAFSE,"Zhang,Wenlong"
"Zhang,Xia",CLAS,"Zhang,Xia"
"Zhang,Yanchao",IAFSE,"Zhang,Yanchao"
"Zhang,Yong-Hang",IAFSE,"Zhang,Yong-Hang"
"Zhang,Yu",IAFSE,"Zhang,Yu"
"Zhao,Ming",IAFSE,"Zhao,Ming"
"Zhao,Yuji",IAFSE,"Zhao,Yuji"
"Zhao,Zhan-Gong",BDI,"Zhao,Zhan-Gong"
"Zheng,Yi",CLAS,"Zheng,Yi"
"Zhou,Chen",BDI,"Zhou,Chen"
"Zhou,Xuesong",IAFSE,"Zhou,Xuesong"
"Zhou,Yi",CHS,"Zhou,Yi"
"Zolotov,Mikhail",CLAS,"Zolotov,Mikhail"